"last_name, first_name","player_id","year","player_age","ab","pa","hit","single","double","triple","home_run","strikeout","walk","k_percent","bb_percent","batting_avg","slg_percent","on_base_percent","on_base_plus_slg","xba","xslg","woba","xwoba","sprint_speed"
"Fitzgerald, Tyler",666149,2025,27,136,150,36,26,7,1,2,36,11,24,7.3,".265",".375",".324","0.699",".234",".338",".312",".282","29.6"
"Dunn, Blake",694362,2025,26,60,75,9,6,2,0,1,25,8,33.3,10.7,".150",".233",".320","0.553",".199",".307",".275",".315","29.7"
"Manzardo, Kyle",700932,2025,24,185,213,39,20,6,2,11,57,23,26.8,10.8,".211",".443",".300","0.743",".209",".449",".322",".322","25.2"
"Gurriel Jr., Lourdes",666971,2025,31,217,238,55,33,13,1,8,32,14,13.4,5.9,".253",".433",".298","0.731",".269",".441",".316",".325","26.7"
"Thaiss, Matt",642136,2025,30,92,122,19,14,4,0,1,27,27,22.1,22.1,".207",".283",".393","0.676",".194",".279",".326",".320","25.4"
"Scott II, Victor",687363,2025,24,180,206,45,34,8,1,2,54,19,26.2,9.2,".250",".339",".325","0.664",".237",".319",".300",".287","30.1"
"Dunn, Oliver",686554,2025,27,36,41,6,4,2,0,0,11,2,26.8,4.9,".167",".222",".205","0.427",".233",".276",".192",".246","27.8"
"DeLuca, Jonny",676356,2025,26,23,25,10,9,0,1,0,4,2,16,8,".435",".522",".480","1.002",".296",".348",".440",".313","29.6"
"Davis, Henry",680779,2025,25,63,73,12,9,1,0,2,14,6,19.2,8.2,".190",".302",".271","0.573",".266",".440",".262",".341","28.2"
"Betts, Mookie",605141,2025,32,214,243,54,40,5,1,8,23,26,9.5,10.7,".252",".397",".333","0.730",".274",".429",".325",".341","26.6"
"Casas, Triston",671213,2025,25,99,112,18,12,3,0,3,27,11,24.1,9.8,".182",".303",".277","0.580",".216",".409",".258",".307","24.4"
"Kelenic, Jarred",672284,2025,25,60,65,10,6,2,0,2,23,5,35.4,7.7,".167",".300",".231","0.531",".198",".428",".239",".297","26.1"
"Pagés, Pedro",686780,2025,26,138,147,29,17,8,0,4,36,7,24.5,4.8,".210",".355",".252","0.607",".208",".322",".267",".254","25.5"
"Biggio, Cavan",624415,2025,30,69,83,12,9,2,0,1,21,11,25.3,13.3,".174",".246",".296","0.542",".215",".339",".259",".305","28.1"
"Sheets, Gavin",657757,2025,29,186,203,49,30,7,1,11,46,14,22.7,6.9,".263",".489",".320","0.809",".269",".487",".351",".349","26.8"
"Sabol, Blake",666165,2025,27,16,18,2,1,1,0,0,7,1,38.9,5.6,".125",".188",".167","0.355",".161",".195",".158",".220","27.4"
"Abreu, Wilyer",677800,2025,26,203,228,51,30,8,0,13,52,24,22.8,10.5,".251",".483",".329","0.812",".269",".546",".347",".374","27.3"
"Springer III, George",543807,2025,35,180,220,45,24,12,1,8,50,33,22.7,15,".250",".461",".369","0.830",".272",".564",".363",".403","27.5"
"Cruz, Oneil",665833,2025,26,192,232,44,22,9,1,12,76,35,32.8,15.1,".229",".474",".353","0.827",".242",".506",".358",".381","28.9"
"Keith, Colt",690993,2025,23,164,187,40,25,10,1,4,42,22,22.5,11.8,".244",".390",".332","0.722",".262",".445",".322",".347","28.0"
"Neto, Zach",687263,2025,24,174,185,47,25,11,1,10,54,8,29.2,4.3,".270",".517",".308","0.825",".276",".551",".355",".369","28.1"
"Kirk, Alejandro",672386,2025,26,173,191,51,43,5,0,3,19,14,9.9,7.3,".295",".376",".346","0.722",".317",".498",".319",".374","24.0"
"Barrosa, Jorge",678489,2025,24,15,16,3,1,2,0,0,5,0,31.3,0,".200",".333",".188","0.521",".223",".279",".214",".213","28.1"
"Doyle, Brenton",686668,2025,27,196,214,40,27,7,1,5,53,16,24.8,7.5,".204",".327",".262","0.589",".248",".429",".262",".317","29.2"
"Cameron, Daz",663662,2025,28,35,36,7,5,1,0,1,10,1,27.8,2.8,".200",".314",".222","0.536",".240",".405",".236",".286","27.7"
"Correa, Carlos",621043,2025,30,187,200,45,29,11,0,5,38,12,19,6,".241",".380",".285","0.665",".270",".416",".292",".318","26.6"
"Handley, Maverick",668974,2025,27,31,36,3,3,0,0,0,14,1,38.9,2.8,".097",".097",".147","0.244",".138",".206",".120",".182","26.2"
"Hernández, Teoscar",606192,2025,32,187,197,52,28,14,0,10,46,7,23.4,3.6,".278",".513",".306","0.819",".290",".502",".352",".350","27.9"
"Riley, Austin",663586,2025,28,244,265,66,46,10,0,10,72,18,27.2,6.8,".270",".434",".328","0.762",".264",".485",".335",".346","28.6"
"Peña, Jeremy",665161,2025,27,231,258,72,52,10,1,9,35,16,13.6,6.2,".312",".481",".374","0.855",".290",".439",".373",".349","29.7"
"Taylor, Tyrone",621438,2025,31,164,180,39,28,7,3,1,38,7,21.1,3.9,".238",".335",".298","0.633",".283",".412",".282",".329","29.2"
"Simon, Ronny",682927,2025,25,47,56,11,9,2,0,0,7,7,12.5,12.5,".234",".277",".327","0.604",".277",".420",".280",".347","28.6"
"Murphy, Sean",669221,2025,30,125,144,28,15,4,0,9,47,14,32.6,9.7,".224",".472",".326","0.798",".224",".447",".351",".338","24.6"
"Barnes, Austin",605131,2025,35,42,44,9,6,3,0,0,14,1,31.8,2.3,".214",".286",".233","0.519",".230",".310",".229",".244","25.6"
"Hinds, Rece",677956,2025,24,19,20,3,0,1,0,2,10,1,50,5,".158",".526",".200","0.726",".193",".622",".306",".353","29.0"
"McNeil, Jeff",643446,2025,33,89,106,22,12,4,3,3,9,15,8.5,14.2,".247",".461",".349","0.810",".277",".394",".345",".338","26.3"
"Canario, Alexander",672744,2025,25,117,126,27,20,3,1,3,39,9,31,7.1,".231",".350",".286","0.636",".238",".472",".283",".327","28.0"
"Hoskins, Rhys",656555,2025,32,197,231,53,35,9,0,9,59,29,25.5,12.6,".269",".452",".364","0.816",".250",".432",".356",".341","24.6"
"Mastrobuoni, Miles",670156,2025,29,96,112,22,18,3,0,1,17,12,15.2,10.7,".229",".292",".312","0.604",".287",".394",".277",".335","28.3"
"Frelick, Sal",686217,2025,25,213,237,62,49,6,3,4,29,17,12.2,7.2,".291",".404",".352","0.756",".275",".362",".336",".312","28.9"
"Haggerty, Sam",664059,2025,31,58,64,14,9,2,2,1,10,5,15.6,7.8,".241",".397",".302","0.699",".286",".447",".307",".344","28.8"
"Marsh, Brandon",669016,2025,27,105,123,23,16,5,0,2,33,16,26.8,13,".219",".324",".320","0.644",".240",".364",".294",".315","28.5"
"Jung, Josh",673962,2025,27,195,208,52,37,7,1,7,50,12,24,5.8,".267",".421",".313","0.734",".263",".466",".322",".333","27.0"
"Espinal, Santiago",669289,2025,30,184,199,45,36,9,0,0,21,15,10.6,7.5,".245",".293",".302","0.595",".234",".297",".271",".265","27.0"
"Jansen, Danny",643376,2025,30,123,146,23,15,4,0,4,35,21,24,14.4,".187",".317",".315","0.632",".196",".340",".293",".302","26.0"
"Semien, Marcus",543760,2025,34,210,241,42,35,3,0,4,52,26,21.6,10.8,".200",".271",".290","0.561",".245",".395",".260",".326","28.2"
"Lux, Gavin",666158,2025,27,180,207,52,36,14,1,1,51,27,24.6,13,".289",".394",".382","0.776",".261",".358",".349",".322","27.7"
"Suwinski, Jack",669261,2025,26,39,45,5,4,1,0,0,19,6,42.2,13.3,".128",".154",".244","0.398",".223",".403",".189",".313","27.0"
"Realmuto, J.T.",592663,2025,34,190,209,43,29,8,1,5,52,19,24.9,9.1,".226",".358",".297","0.655",".254",".421",".291",".322","28.3"
"Tovar, Ezequiel",678662,2025,23,128,138,33,22,6,2,3,30,7,21.7,5.1,".258",".406",".301","0.707",".303",".500",".311",".362","27.5"
"Caminero, Junior",691406,2025,21,221,235,57,30,13,0,14,44,11,18.7,4.7,".258",".507",".289","0.796",".274",".506",".340",".348","26.7"
"Bichette, Bo",666182,2025,27,258,277,71,46,17,1,7,44,16,15.9,5.8,".275",".430",".321","0.751",".309",".507",".328",".370","26.1"
"McLain, Matt",680574,2025,25,189,216,33,22,5,0,6,66,22,30.6,10.2,".175",".296",".270","0.566",".205",".372",".260",".298","29.2"
"Harris II, Michael",671739,2025,24,229,245,52,37,10,2,3,48,10,19.6,4.1,".227",".328",".255","0.583",".273",".403",".253",".306","28.4"
"Dingler, Dillon",693307,2025,26,169,177,50,34,9,1,6,47,5,26.6,2.8,".296",".467",".328","0.795",".288",".490",".347",".347","27.3"
"Bogaerts, Xander",593428,2025,32,206,237,49,36,10,0,3,44,26,18.6,11,".238",".330",".321","0.651",".256",".368",".289",".312","28.0"
"Urshela, Gio",570482,2025,33,98,107,22,12,9,1,0,17,7,15.9,6.5,".224",".337",".276","0.613",".272",".373",".272",".306","24.6"
"Margot, Manuel",622534,2025,30,19,20,6,6,0,0,0,6,0,30,0,".316",".316",".300","0.616",".319",".362",".267",".303","25.3"
"Jeffers, Ryan",680777,2025,28,170,193,43,26,13,0,4,39,20,20.2,10.4,".253",".400",".342","0.742",".261",".460",".330",".351","25.8"
"Raleigh, Cal",663728,2025,28,220,261,58,24,11,0,23,72,37,27.6,14.2,".264",".627",".375","1.002",".249",".587",".422",".399","25.9"
"Sweeney, Trey",700242,2025,25,187,206,42,34,3,1,4,50,16,24.3,7.8,".225",".316",".282","0.598",".217",".329",".267",".268","28.4"
"Baty, Brett",683146,2025,25,128,136,30,18,4,2,6,38,6,27.9,4.4,".234",".438",".274","0.712",".261",".477",".309",".332","27.2"
"Kim, Hyeseong",808975,2025,26,52,55,21,17,2,0,2,11,3,20,5.5,".404",".558",".436","0.994",".297",".455",".435",".343","28.7"
"Contreras, Willson",575929,2025,33,212,239,51,34,11,0,6,59,17,24.7,7.1,".241",".377",".319","0.696",".274",".490",".311",".362","27.2"
"McCutchen, Andrew",457705,2025,38,181,213,46,32,9,0,5,39,27,18.3,12.7,".254",".387",".354","0.741",".269",".449",".331",".355","27.3"
"Horwitz, Spencer",687462,2025,27,61,67,14,10,3,0,1,15,6,22.4,9,".230",".328",".299","0.627",".263",".411",".277",".319","25.1"
"Lugo, Matthew",683090,2025,24,42,43,10,4,2,1,3,16,0,37.2,0,".238",".548",".256","0.804",".246",".452",".341",".305","29.2"
"Devers, Rafael",646240,2025,28,239,292,68,39,17,0,12,66,50,22.6,17.1,".285",".506",".408","0.914",".279",".528",".394",".401","25.7"
"Mateo, Jorge",622761,2025,30,55,59,11,7,3,0,1,19,4,32.2,6.8,".200",".309",".254","0.563",".202",".299",".252",".247","29.3"
"Caratini, Victor",605170,2025,31,118,132,32,23,6,0,3,23,8,17.4,6.1,".271",".398",".341","0.739",".256",".404",".330",".326","23.9"
"Mervis, Matt",670223,2025,27,120,134,21,10,4,0,7,50,11,37.3,8.2,".175",".383",".254","0.637",".154",".288",".278",".235","25.2"
"Caballero, José",676609,2025,28,143,161,35,21,11,1,2,47,16,29.2,9.9,".245",".378",".323","0.701",".224",".329",".312",".285","27.8"
"Pederson, Joc",592626,2025,33,122,146,16,8,5,1,2,28,20,19.2,13.7,".131",".238",".269","0.507",".207",".354",".243",".312","25.2"
"Renfroe, Hunter",592669,2025,33,99,108,18,12,6,0,0,21,8,19.4,7.4,".182",".242",".241","0.483",".199",".329",".221",".261","27.0"
"Mitchell, Garrett",669003,2025,26,68,78,14,9,4,1,0,25,7,32.1,9,".206",".294",".286","0.580",".236",".345",".263",".292","29.0"
"Laureano, Ramón",657656,2025,30,94,103,25,12,7,0,6,29,7,28.2,6.8,".266",".532",".320","0.852",".255",".529",".365",".354","28.1"
"Walls, Taylor",670764,2025,28,131,151,24,21,2,0,1,32,17,21.2,11.3,".183",".221",".272","0.493",".204",".274",".233",".258","28.0"
"Turner, Trea",607208,2025,32,243,266,73,54,10,2,7,47,19,17.7,7.1,".300",".444",".357","0.801",".262",".403",".353",".317","30.1"
"Hicks, Liam",689414,2025,26,99,114,28,17,6,1,4,15,10,13.2,8.8,".283",".485",".357","0.842",".267",".407",".367",".331","26.0"
"Bae, Ji Hwan",678225,2025,25,11,12,1,1,0,0,0,5,1,41.7,8.3,".091",".091",".167","0.258",".137",".385",".132",".257",
"White, Eli",642201,2025,31,132,141,32,20,7,3,2,32,7,22.7,5,".242",".386",".286","0.672",".268",".408",".292",".311","29.9"
"Lee, Jung Hoo",808982,2025,26,237,257,65,41,16,2,6,31,15,12.1,5.8,".274",".435",".319","0.754",".289",".414",".328",".328","28.0"
"Goldschmidt, Paul",502671,2025,37,223,246,72,52,13,1,6,40,19,16.3,7.7,".323",".471",".380","0.851",".294",".487",".369",".359","26.6"
"Slater, Austin",596103,2025,32,37,40,10,4,4,0,2,12,3,30,7.5,".270",".541",".325","0.866",".286",".649",".372",".413","27.7"
"Rafaela, Ceddanne",678882,2025,24,202,218,51,33,10,2,6,43,10,19.7,4.6,".252",".411",".296","0.707",".271",".487",".310",".343","28.7"
"Jankowski, Travis",608671,2025,34,45,49,11,9,2,0,0,12,3,24.5,6.1,".244",".289",".286","0.575",".246",".277",".258",".255","29.2"
"Peraza, Oswald",672724,2025,25,88,98,14,6,5,0,3,26,9,26.5,9.2,".159",".318",".245","0.563",".235",".420",".254",".322","28.7"
"Berti, Jon",542932,2025,35,76,82,17,15,2,0,0,18,4,22,4.9,".224",".250",".280","0.530",".257",".337",".245",".291","28.5"
"García, Luis",671277,2025,25,190,209,49,31,13,0,5,27,12,12.9,5.7,".258",".405",".301","0.706",".311",".499",".307",".371","26.6"
"Soler, Jorge",624585,2025,33,208,234,45,27,10,0,8,65,20,27.8,8.5,".216",".380",".292","0.672",".214",".383",".298",".298","26.2"
"Alvarez, Yordan",670541,2025,28,100,121,21,14,4,0,3,21,16,17.4,13.2,".210",".340",".306","0.646",".246",".495",".278",".363","26.0"
"Carroll, Corbin",682998,2025,24,247,276,64,29,11,6,18,67,23,24.3,8.3,".259",".571",".337","0.908",".277",".600",".387",".402","29.6"
"Fraley, Jake",641584,2025,30,91,107,17,10,3,0,4,19,16,17.8,15,".187",".352",".308","0.660",".227",".366",".300",".319","27.8"
"Wood, James",695578,2025,22,230,269,65,33,16,0,16,73,36,27.1,13.4,".283",".561",".379","0.940",".276",".590",".402",".404","27.9"
"Sosa, Lenyn",672820,2025,25,201,207,55,41,10,0,4,48,5,23.2,2.4,".274",".383",".291","0.674",".282",".434",".296",".315","26.7"
"Escarra, J.C.",641555,2025,30,52,62,12,7,4,0,1,8,8,12.9,12.9,".231",".365",".339","0.704",".244",".368",".317",".322","25.8"
"Smith, Cam",701358,2025,22,159,179,39,27,8,1,3,52,17,29.1,9.5,".245",".365",".330","0.695",".260",".400",".313",".329","29.1"
"Jung, Jace",690291,2025,24,45,53,5,5,0,0,0,15,7,28.3,13.2,".111",".111",".245","0.356",".176",".231",".189",".255","25.5"
"Yelich, Christian",592885,2025,33,228,256,54,36,5,0,13,66,24,25.8,9.4,".237",".430",".316","0.746",".257",".438",".326",".334","27.9"
"Suárez, Eugenio",553993,2025,33,220,249,50,22,12,0,16,60,19,24.1,7.6,".227",".500",".305","0.805",".245",".540",".345",".368","26.6"
"Castro, Willi",650489,2025,28,142,160,37,22,9,0,6,38,14,23.8,8.8,".261",".451",".344","0.795",".250",".404",".348",".324","27.9"
"Lukes, Nathan",664770,2025,30,108,129,29,22,3,0,4,16,14,12.4,10.9,".269",".407",".360","0.767",".286",".401",".343",".345","26.4"
"Young, Jared",676724,2025,29,18,20,3,1,1,0,1,7,1,35,5,".167",".389",".250","0.639",".172",".364",".283",".272","27.3"
"Osuna, Alejandro",696030,2025,22,17,23,4,4,0,0,0,4,5,17.4,21.7,".235",".235",".435","0.670",".336",".379",".337",".415","28.4"
"Fortes, Nick",663743,2025,28,64,71,11,7,2,1,1,11,5,15.5,7,".172",".281",".243","0.524",".217",".350",".238",".281","26.5"
"O'Hearn, Ryan",656811,2025,31,177,205,58,41,8,0,9,33,24,16.1,11.7,".328",".525",".415","0.940",".329",".531",".409",".407","27.7"
"Wilson, Will",669717,2025,26,39,46,8,5,3,0,0,14,5,30.4,10.9,".205",".282",".311","0.593",".154",".246",".277",".241","25.5"
"Rivera, Emmanuel",656896,2025,29,62,68,15,13,2,0,0,11,5,16.2,7.4,".242",".274",".309","0.583",".243",".309",".269",".280","26.0"
"Larnach, Trevor",663616,2025,28,228,252,60,42,8,1,9,55,20,21.8,7.9,".263",".425",".327","0.752",".270",".425",".330",".330","26.0"
"Mountcastle, Ryan",663624,2025,28,187,200,46,31,13,0,2,46,8,23,4,".246",".348",".280","0.628",".270",".441",".276",".320","27.8"
"Chourio, Jackson",694192,2025,21,269,280,70,41,18,1,10,58,9,20.7,3.2,".260",".446",".286","0.732",".257",".407",".317",".298","29.2"
"Wagaman, Eric",676572,2025,27,209,226,52,34,13,1,4,39,15,17.3,6.6,".249",".378",".296","0.674",".284",".457",".297",".339","27.0"
"Crim, Blaine",688760,2025,28,11,13,0,0,0,0,0,6,1,46.2,7.7,".000",".000",".154","0.154",".043",".054",".109",".145",
"Kiner-Falefa, Isiah",643396,2025,30,171,184,52,41,9,1,1,30,9,16.3,4.9,".304",".386",".350","0.736",".275",".344",".328",".297","27.3"
"Burleson, Alec",676475,2025,26,158,170,46,34,7,0,5,25,12,14.7,7.1,".291",".430",".341","0.771",".267",".433",".338",".324","24.7"
"Arcia, Orlando",606115,2025,30,48,50,9,7,1,0,1,11,2,22,4,".188",".271",".220","0.491",".227",".307",".219",".251","25.1"
"Hilliard, Sam",656541,2025,31,12,13,4,2,1,0,1,3,1,23.1,7.7,".333",".667",".385","1.052",".235",".423",".448",".308","28.2"
"Wagner, Will",695238,2025,26,59,68,11,9,2,0,0,15,8,22.1,11.8,".186",".220",".284","0.504",".216",".276",".240",".271","26.5"
"Farmer, Kyle",571657,2025,34,151,161,35,20,13,0,2,31,8,19.3,5,".232",".358",".273","0.631",".226",".330",".278",".270","26.1"
"Canha, Mark",592192,2025,36,72,82,19,17,2,0,0,15,6,18.3,7.3,".264",".292",".329","0.621",".226",".296",".284",".284","27.6"
"Wong, Connor",657136,2025,29,57,65,9,9,0,0,0,16,7,24.6,10.8,".158",".158",".262","0.420",".238",".348",".209",".307","27.6"
"Outman, James",681546,2025,28,24,27,3,1,0,0,2,13,3,48.1,11.1,".125",".375",".222","0.597",".164",".538",".264",".333","27.3"
"Conforto, Michael",624424,2025,32,170,208,28,16,9,0,3,56,31,26.9,14.9,".165",".271",".313","0.584",".221",".374",".278",".333","26.3"
"McMahon, Ryan",641857,2025,30,209,245,42,26,9,1,6,72,34,29.4,13.9,".201",".340",".314","0.654",".235",".440",".296",".343","26.5"
"Perdomo, Geraldo",672695,2025,25,213,260,59,40,13,0,6,29,35,11.2,13.5,".277",".423",".376","0.799",".253",".378",".353",".330","27.0"
"Reyes, Pablo",622569,2025,31,26,28,5,4,1,0,0,9,2,32.1,7.1,".192",".231",".250","0.481",".170",".230",".222",".209","26.8"
"Clase, Jonatan",682729,2025,23,47,53,12,9,3,0,0,12,5,22.6,9.4,".255",".319",".327","0.646",".249",".355",".294",".303","29.2"
"Baddoo, Akil",668731,2025,26,17,18,2,1,1,0,0,5,1,27.8,5.6,".118",".176",".167","0.343",".255",".314",".158",".271",
"Vázquez, Christian",543877,2025,34,92,103,19,13,5,0,1,16,10,15.5,9.7,".207",".293",".282","0.575",".230",".315",".262",".280","24.7"
"Misner, Kameron",670224,2025,27,163,181,37,23,8,1,5,56,15,30.9,8.3,".227",".380",".293","0.673",".210",".326",".297",".269","28.2"
"Rice, Ben",700250,2025,26,180,205,45,21,11,1,12,48,18,23.4,8.8,".250",".522",".337","0.859",".296",".585",".371",".416","27.4"
"Cabrera, Oswaldo",665828,2025,26,107,122,26,21,4,0,1,25,11,20.5,9,".243",".308",".322","0.630",".247",".302",".289",".286","26.6"
"Sánchez, Jesús",660821,2025,27,147,169,40,30,5,1,4,35,20,20.7,11.8,".272",".401",".361","0.762",".267",".470",".341",".358","26.8"
"Palacios, Joshua",641943,2025,29,114,131,23,16,4,0,3,31,12,23.7,9.2,".202",".316",".300","0.616",".235",".390",".283",".320","26.7"
"Grichuk, Randal",545341,2025,33,84,92,22,10,9,0,3,19,8,20.7,8.7,".262",".476",".326","0.802",".271",".467",".345",".342","26.7"
"Turang, Brice",668930,2025,25,224,258,62,50,8,0,4,55,29,21.3,11.2,".277",".366",".358","0.724",".278",".424",".326",".350","28.9"
"Stowers, Kyle",669065,2025,27,206,232,58,38,8,2,10,66,20,28.4,8.6,".282",".485",".351","0.836",".279",".545",".362",".383","26.9"
"Paredes, Isaac",670623,2025,26,226,260,56,36,7,1,12,44,30,16.9,11.5,".248",".447",".342","0.789",".250",".395",".348",".328","25.7"
"Judge, Aaron",592450,2025,33,226,270,88,50,15,2,21,60,41,22.2,15.2,".389",".752",".485","1.237",".332",".723",".512",".471","26.7"
"Taylor, Chris",621035,2025,34,53,54,9,6,3,0,0,21,1,38.9,1.9,".170",".226",".185","0.411",".167",".213",".182",".174","27.8"
"Bell, Josh",605137,2025,32,180,204,33,22,1,1,9,42,21,20.6,10.3,".183",".350",".279","0.629",".233",".436",".284",".333","24.7"
"Castellanos, Nick",592206,2025,33,232,253,64,44,14,0,6,46,14,18.2,5.5,".276",".414",".320","0.734",".265",".430",".321",".323","27.4"
"Tawa, Tim",694374,2025,26,107,121,24,13,5,0,6,29,10,24,8.3,".224",".439",".289","0.728",".254",".461",".314",".342","28.2"
"Vaughn, Andrew",683734,2025,27,185,193,35,22,8,0,5,43,7,22.3,3.6,".189",".314",".218","0.532",".258",".461",".233",".321","25.7"
"Díaz, Yandy",650490,2025,33,231,250,56,36,12,0,8,37,15,14.8,6,".242",".398",".288","0.686",".284",".475",".299",".345","25.4"
"Narváez, Omar",553882,2025,33,7,10,2,2,0,0,0,1,2,10,20,".286",".286",".400","0.686",".234",".292",".317",".310",
"Amador, Adael",691182,2025,22,89,102,13,8,4,0,1,25,10,24.5,9.8,".146",".225",".240","0.465",".227",".316",".219",".284","26.2"
"Gonzalez, Romy",663853,2025,28,64,70,19,12,7,0,0,16,4,22.9,5.7,".297",".406",".343","0.749",".278",".495",".329",".369","28.2"
"Torres, Gleyber",650402,2025,28,178,214,48,34,9,0,5,24,31,11.2,14.5,".270",".404",".383","0.787",".297",".544",".354",".408","26.0"
"Morel, Christopher",666624,2025,26,128,143,26,15,8,0,3,52,13,36.4,9.1,".203",".336",".287","0.623",".209",".408",".281",".306","28.0"
"Pereda, Jhonny",640902,2025,29,36,42,6,5,1,0,0,13,6,31,14.3,".167",".194",".286","0.480",".163",".215",".235",".239","24.0"
"Bader, Harrison",664056,2025,31,147,171,39,26,7,0,6,37,16,21.6,9.4,".265",".435",".357","0.792",".230",".380",".351",".315","28.2"
"Yastrzemski, Mike",573262,2025,34,191,219,45,30,9,1,5,48,27,21.9,12.3,".236",".372",".333","0.705",".234",".387",".314",".316","26.8"
"Acuña, Luisangel",682668,2025,23,130,142,32,26,6,0,0,27,9,19,6.3,".246",".292",".298","0.590",".248",".319",".268",".280","29.5"
"Bride, Jonah",681146,2025,29,93,103,17,15,2,0,0,32,8,31.1,7.8,".183",".204",".252","0.456",".182",".255",".211",".228","26.8"
"Wisely, Brett",689172,2025,26,10,12,0,0,0,0,0,3,0,25,0,".000",".000",".000","0.000",".054",".090",".000",".062",
"Crawford, J.P.",641487,2025,30,201,242,56,44,7,0,5,48,38,19.8,15.7,".279",".388",".396","0.784",".280",".415",".356",".363","26.8"
"Domínguez, Jasson",691176,2025,22,162,191,40,24,10,0,6,55,25,28.8,13.1,".247",".420",".346","0.766",".238",".404",".338",".333","28.4"
"Westburg, Jordan",676059,2025,26,92,98,20,13,2,1,4,22,5,22.4,5.1,".217",".391",".265","0.656",".258",".462",".288",".330","29.2"
"Heyward, Jason",518792,2025,35,85,95,15,11,2,0,2,20,6,21.1,6.3,".176",".271",".223","0.494",".205",".297",".220",".250","27.2"
"Sogard, Nick",686765,2025,27,49,53,12,9,3,0,0,9,2,17,3.8,".245",".306",".302","0.608",".275",".440",".277",".337","27.6"
"Tatis Jr., Fernando",665487,2025,26,231,258,63,41,8,1,13,46,25,17.8,9.7,".273",".485",".345","0.830",".284",".533",".359",".381","28.9"
"Isbel, Kyle",664728,2025,28,141,153,40,30,4,3,3,27,3,17.6,2,".284",".418",".293","0.711",".231",".321",".306",".247","27.7"
"Freeman, Tyler",671289,2025,26,53,60,15,11,3,0,1,7,3,11.7,5,".283",".396",".333","0.729",".286",".412",".320",".344","28.1"
"Hamilton, David",666152,2025,27,79,84,16,11,3,0,2,22,2,26.2,2.4,".203",".316",".232","0.548",".222",".316",".242",".249","29.1"
"Keirsey Jr., DaShawn",680577,2025,28,64,66,7,6,0,0,1,21,1,31.8,1.5,".109",".156",".136","0.292",".161",".222",".134",".182","28.7"
"O'Hoppe, Logan",681351,2025,25,187,197,47,31,2,0,14,68,8,34.5,4.1,".251",".487",".284","0.771",".248",".520",".333",".341","27.1"
"Lockridge, Brandon",663604,2025,28,67,74,15,11,4,0,0,15,4,20.3,5.4,".224",".284",".278","0.562",".249",".308",".255",".274","29.9"
"Sosa, Edmundo",624641,2025,29,85,93,25,19,5,0,1,20,5,21.5,5.4,".294",".388",".337","0.725",".301",".420",".321",".333","29.2"
"Hill, Derek",656537,2025,29,73,82,17,11,4,0,2,29,6,35.4,7.3,".233",".370",".300","0.670",".222",".369",".299",".291","29.6"
"Beck, Jordan",687597,2025,24,185,202,47,26,9,4,8,59,14,29.2,6.9,".254",".476",".312","0.788",".252",".480",".341",".342","28.6"
"Newman, Kevin",621028,2025,31,55,57,11,9,2,0,0,10,1,17.5,1.8,".200",".236",".214","0.450",".214",".263",".201",".215","26.6"
"Meidroth, Chase",805367,2025,23,139,157,42,36,5,0,1,17,18,10.8,11.5,".302",".360",".382","0.742",".279",".351",".337",".322","27.0"
"Acuña Jr., Ronald",660670,2025,27,41,46,14,9,2,0,3,15,5,32.6,10.9,".341",".610",".413","1.023",".274",".614",".435",".399","27.1"
"Varsho, Daulton",662139,2025,28,92,100,19,5,5,1,8,31,5,31,5,".207",".543",".240","0.783",".218",".509",".321",".321","27.9"
"Straw, Myles",664702,2025,30,101,110,28,22,5,0,1,14,5,12.7,4.5,".277",".356",".311","0.667",".262",".380",".297",".296","29.1"
"Noel, Jhonkensy",678877,2025,23,97,101,15,11,2,0,2,32,3,31.7,3,".155",".237",".178","0.415",".162",".246",".184",".190","27.0"
"Schmitt, Casey",669477,2025,26,46,54,9,6,3,0,0,16,5,29.6,9.3,".196",".261",".302","0.563",".274",".403",".265",".344","27.8"
"Bleday, JJ",668709,2025,27,173,197,34,19,9,0,6,43,23,21.8,11.7,".197",".353",".289","0.642",".202",".319",".286",".277","26.9"
"Barnhart, Tucker",571466,2025,34,13,15,3,3,0,0,0,4,1,26.7,6.7,".231",".231",".333","0.564",".154",".195",".273",".224",
"McCarthy, Jake",664983,2025,27,41,47,3,2,1,0,0,6,4,12.8,8.5,".073",".098",".170","0.268",".173",".240",".139",".232","28.9"
"Miller, Owen",680911,2025,28,14,17,2,2,0,0,0,4,2,23.5,11.8,".143",".143",".294","0.437",".183",".197",".229",".269","29.9"
"Heim, Jonah",641680,2025,30,157,168,38,28,3,0,7,40,8,23.8,4.8,".242",".395",".280","0.675",".237",".381",".295",".288","25.1"
"Miranda, Jose",669304,2025,27,36,36,6,5,0,0,1,13,0,36.1,0,".167",".250",".167","0.417",".206",".272",".181",".206","23.8"
"Tellez, Rowdy",642133,2025,30,137,148,28,15,4,0,9,37,8,25,5.4,".204",".431",".257","0.688",".252",".510",".298",".349","23.2"
"DeJong, Paul",657557,2025,31,54,57,11,7,4,0,0,24,2,42.1,3.5,".204",".278",".246","0.524",".190",".258",".235",".220","26.4"
"Ahmed, Nick",605113,2025,35,9,10,0,0,0,0,0,3,1,30,10,".000",".000",".100","0.100",".163",".181",".069",".206",
"Urías, Luis",649966,2025,28,149,176,36,25,5,0,6,26,19,14.8,10.8,".242",".396",".335","0.731",".237",".362",".326",".315","25.8"
"Mayer, Marcelo",691785,2025,22,32,35,6,4,2,0,0,10,3,28.6,8.6,".188",".250",".257","0.507",".244",".319",".234",".282","27.9"
"Kelly, Carson",608348,2025,30,123,148,33,20,3,1,9,20,23,13.5,15.5,".268",".528",".385","0.913",".267",".503",".396",".383","26.0"
"Baldwin, Brooks",681460,2025,24,130,142,28,19,6,0,3,38,7,26.8,4.9,".215",".331",".257","0.588",".227",".363",".260",".286","29.0"
"Martini, Nick",605361,2025,35,102,111,23,18,4,0,1,18,9,16.2,8.1,".225",".294",".288","0.582",".220",".299",".261",".259","27.4"
"Lowe, Josh",666139,2025,27,66,73,20,13,4,0,3,12,7,16.4,9.6,".303",".500",".370","0.870",".313",".490",".380",".377","27.5"
"Wilson Jr., Jacob",805779,2025,23,232,249,83,62,14,0,7,16,13,6.4,5.2,".358",".509",".395","0.904",".307",".394",".394",".325","26.8"
"De La Cruz, Bryan",650559,2025,28,47,50,9,8,1,0,0,18,3,36,6,".191",".213",".240","0.453",".207",".307",".209",".248","27.8"
"Seager, Corey",608369,2025,31,124,132,32,22,4,0,6,29,8,22,6.1,".258",".435",".303","0.738",".294",".556",".320",".377","24.0"
"Allen, Nick",669397,2025,26,146,167,34,30,4,0,0,39,14,23.4,8.4,".233",".260",".305","0.565",".216",".259",".262",".252","27.2"
"Bohm, Alec",664761,2025,28,228,242,63,49,8,1,5,38,9,15.7,3.7,".276",".386",".310","0.696",".282",".432",".307",".330","26.7"
"Meadows, Parker",678009,2025,25,8,11,2,0,1,1,0,2,3,18.2,27.3,".250",".625",".455","1.080",".268",".536",".451",".437",
"Rooker Jr., Brent",667670,2025,30,250,276,66,41,11,1,13,63,24,22.8,8.7,".264",".472",".333","0.805",".288",".536",".352",".382","27.3"
"Carpenter, Kerry",681481,2025,27,206,218,56,34,8,1,13,45,7,20.6,3.2,".272",".510",".301","0.811",".265",".545",".349",".358","26.6"
"Saggese, Thomas",695336,2025,23,41,44,14,9,4,0,1,11,2,25,4.5,".341",".512",".364","0.876",".287",".469",".376",".334","28.2"
"Duran, Jarren",680776,2025,28,274,297,75,48,17,6,4,64,18,21.5,6.1,".274",".423",".323","0.746",".271",".424",".326",".330","29.1"
"Young, Cole",702284,2025,21,13,14,1,1,0,0,0,5,1,35.7,7.1,".077",".077",".143","0.220",".155",".256",".113",".213","25.5"
"Pasquantino, Vinnie",686469,2025,27,233,253,60,44,7,1,8,44,16,17.4,6.3,".258",".399",".312","0.711",".271",".460",".311",".337","25.2"
"Taveras, Leody",665750,2025,26,160,169,34,24,6,1,3,47,5,27.8,3,".212",".319",".235","0.554",".208",".323",".243",".240","28.8"
"Mullins II, Cedric",656775,2025,30,181,207,42,23,9,0,10,52,23,25.1,11.1,".232",".448",".324","0.772",".218",".376",".339",".307","28.3"
"Gonzalez, Oscar",660757,2025,27,59,61,13,12,1,0,0,13,2,21.3,3.3,".220",".237",".246","0.483",".267",".396",".219",".297","28.1"
"Norby, Connor",681393,2025,25,147,155,37,24,9,1,3,46,5,29.7,3.2,".252",".388",".290","0.678",".228",".424",".299",".297","28.8"
"Adams, Riley",656180,2025,29,40,40,5,2,1,0,2,19,0,47.5,0,".125",".300",".125","0.425",".195",".425",".180",".261","25.9"
"Polanco, Jorge",593871,2025,31,154,167,39,23,6,0,10,23,9,13.8,5.4,".253",".487",".301","0.788",".308",".532",".341",".382","25.1"
"Joe, Connor",656582,2025,32,41,45,9,7,2,0,0,12,3,26.7,6.7,".220",".268",".267","0.535",".243",".338",".241",".279","26.9"
"Robert Jr., Luis",673357,2025,27,192,221,34,23,6,0,5,68,24,30.8,10.9,".177",".286",".266","0.552",".230",".397",".251",".310","28.7"
"Abrams, CJ",682928,2025,24,191,214,51,30,11,2,8,40,13,18.7,6.1,".267",".471",".338","0.809",".287",".480",".354",".363","28.0"
"McGuire, Reese",624512,2025,30,14,15,2,0,0,0,2,4,0,26.7,0,".143",".571",".143","0.714",".176",".375",".297",".231",
"Nido, Tomás",621512,2025,31,35,37,12,12,0,0,0,10,0,27,0,".343",".343",".361","0.704",".264",".331",".317",".270","25.1"
"Smith, Pavin",656976,2025,29,151,179,43,25,13,1,4,54,28,30.2,15.6,".285",".464",".397","0.861",".231",".424",".380",".342","26.2"
"Kjerstad, Heston",677008,2025,26,152,163,30,19,5,2,4,44,6,27,3.7,".197",".336",".245","0.581",".243",".416",".257",".305","27.7"
"Solak, Nick",669256,2025,30,11,11,1,1,0,0,0,2,0,18.2,0,".091",".091",".091","0.182",".158",".175",".081",".145","26.6"
"Vientos, Mark",668901,2025,25,187,208,43,28,8,1,6,49,17,23.6,8.2,".230",".380",".298","0.678",".231",".376",".300",".297","26.0"
"Kepler, Max",596146,2025,32,183,208,40,22,12,0,6,45,21,21.6,10.1,".219",".383",".308","0.691",".245",".427",".306",".331","26.7"
"India, Jonathan",663697,2025,28,205,234,50,39,10,0,1,34,25,14.5,10.7,".244",".307",".333","0.640",".271",".390",".295",".335","28.0"
"O'Neill, Tyler",641933,2025,30,80,93,15,9,3,1,2,27,9,29,9.7,".188",".325",".280","0.605",".220",".470",".267",".329","28.3"
"Gurriel Jr., Yuli",493329,2025,41,36,40,4,3,1,0,0,8,4,20,10,".111",".139",".200","0.339",".128",".170",".168",".186","26.8"
"Benson, Will",666181,2025,27,72,80,18,9,3,0,6,23,5,28.7,6.3,".250",".542",".300","0.842",".291",".581",".356",".400","28.7"
"Rojas, Miguel",500743,2025,36,88,92,19,15,3,0,1,12,3,13,3.3,".216",".284",".242","0.526",".242",".303",".234",".251","25.7"
"Smith, Josh",669701,2025,27,180,201,47,34,7,1,5,37,18,18.4,9,".261",".394",".330","0.724",".273",".418",".320",".331","27.7"
"Vargas, Miguel",678246,2025,25,218,244,52,29,15,0,8,44,22,18,9,".239",".417",".316","0.733",".249",".425",".323",".327","27.4"
"Harper, Bryce",547180,2025,32,209,249,55,33,13,0,9,44,35,17.7,14.1,".263",".455",".373","0.828",".289",".513",".363",".391","26.8"
"Bruján, Vidal",660644,2025,27,20,20,5,3,2,0,0,5,0,25,0,".250",".350",".250","0.600",".188",".323",".260",".217","26.6"
"Martínez, Angel",682657,2025,23,159,167,40,27,8,1,4,29,4,17.4,2.4,".252",".390",".271","0.661",".242",".353",".287",".270","27.6"
"Ozuna, Marcell",542303,2025,34,197,249,54,38,6,0,10,55,49,22.1,19.7,".274",".457",".418","0.875",".276",".515",".388",".404","24.6"
"Marte, Starling",516782,2025,36,100,119,22,16,3,0,3,20,9,16.8,7.6,".220",".340",".331","0.671",".255",".378",".308",".338","26.3"
"Huff, Sam",669087,2025,27,53,58,11,8,1,0,2,25,4,43.1,6.9,".208",".340",".259","0.599",".196",".323",".264",".263","23.4"
"Crews, Dylan",686611,2025,23,158,173,31,21,2,1,7,48,11,27.7,6.4,".196",".354",".266","0.620",".258",".469",".277",".343","29.4"
"McCormick, Chas",676801,2025,30,43,53,11,9,2,0,0,14,5,26.4,9.4,".256",".302",".347","0.649",".244",".342",".301",".307","26.2"
"Amaya, Jacob",676070,2025,26,62,68,6,5,1,0,0,15,2,22.1,2.9,".097",".113",".119","0.232",".178",".233",".106",".195","27.7"
"Senger, Hayden",663584,2025,28,28,29,5,4,1,0,0,9,1,31,3.4,".179",".214",".207","0.421",".252",".396",".190",".292","26.0"
"Lile, Daylen",695734,2025,22,31,35,7,2,4,1,0,7,2,20,5.7,".226",".419",".286","0.705",".258",".384",".302",".317","28.8"
"Edwards, Xavier",669364,2025,25,184,209,52,47,4,1,0,35,20,16.7,9.6,".283",".315",".353","0.668",".256",".312",".303",".291","27.7"
"Mayo, Coby",691723,2025,23,25,27,3,3,0,0,0,9,2,33.3,7.4,".120",".120",".185","0.305",".165",".220",".150",".205","28.5"
"Langford, Wyatt",694671,2025,23,195,222,46,27,8,0,11,56,23,25.2,10.4,".236",".446",".315","0.761",".255",".496",".331",".365","28.9"
"Wells, Austin",669224,2025,25,168,193,35,16,9,1,9,47,15,24.4,7.8,".208",".435",".280","0.715",".219",".416",".307",".309","26.5"
"Hiura, Keston",669374,2025,28,9,10,2,1,1,0,0,2,0,20,0,".222",".333",".300","0.633",".116",".196",".288",".189",
"Massey, Michael",686681,2025,27,191,202,39,32,5,0,2,32,5,15.8,2.5,".204",".262",".224","0.486",".226",".318",".215",".246","26.2"
"Young, Jacob",696285,2025,25,110,127,25,20,4,1,0,19,11,15,8.7,".227",".282",".309","0.591",".279",".323",".273",".309","29.2"
"Harris, Dustin",687957,2025,25,35,38,7,4,2,0,1,11,3,28.9,7.9,".200",".343",".263","0.606",".208",".323",".270",".264","29.1"
"Wade Jr., LaMonte",664774,2025,31,144,169,24,13,8,2,1,35,21,20.7,12.4,".167",".271",".275","0.546",".213",".322",".251",".288","25.9"
"Adell, Jo",666176,2025,26,165,181,35,19,7,0,9,44,11,24.3,6.1,".212",".418",".282","0.700",".261",".492",".308",".352","27.6"
"Workman, Gage",669398,2025,25,16,17,3,2,1,0,0,7,1,41.2,5.9,".188",".250",".235","0.485",".260",".462",".220",".331","27.6"
"Peguero, Liover",678894,2025,24,9,10,2,2,0,0,0,3,0,30,0,".222",".222",".300","0.522",".155",".173",".251",".202",
"Thomas, Alek",677950,2025,25,150,162,38,27,8,2,1,40,6,24.7,3.7,".253",".353",".298","0.651",".247",".375",".289",".298","28.1"
"Wilson, Weston",642215,2025,30,29,34,5,4,0,0,1,10,5,29.4,14.7,".172",".276",".294","0.570",".270",".441",".268",".362","27.6"
"Mesa Jr., Victor",683748,2025,23,7,10,1,1,0,0,0,1,2,10,20,".143",".143",".333","0.476",".140",".196",".253",".267",
"Vierling, Matt",663837,2025,28,11,11,2,2,0,0,0,1,0,9.1,0,".182",".182",".182","0.364",".187",".419",".162",".251",
"McKinstry, Zach",656716,2025,30,184,215,49,32,10,4,3,51,27,23.7,12.6,".266",".413",".360","0.773",".260",".369",".341",".325","28.2"
"Baldwin, Drake",686948,2025,24,111,120,35,25,4,0,6,17,9,14.2,7.5,".315",".514",".367","0.881",".313",".512",".384",".377","25.8"
"Fairchild, Stuart",656413,2025,29,33,36,6,4,1,1,0,9,3,25,8.3,".182",".273",".250","0.523",".187",".334",".237",".260","28.7"
"Clement, Ernie",676391,2025,29,177,194,49,35,11,0,3,25,11,12.9,5.7,".277",".390",".319","0.709",".271",".361",".313",".300","28.4"
"Campusano, Luis",669134,2025,26,13,19,0,0,0,0,0,6,6,31.6,31.6,".000",".000",".316","0.316",".096",".107",".219",".281","25.3"
"Ramos, Heliot",671218,2025,25,233,261,68,44,12,1,11,60,19,23,7.3,".292",".494",".356","0.850",".264",".493",".368",".353","27.6"
"Hayes, Ke'Bryan",663647,2025,28,215,235,48,41,4,2,1,46,15,19.6,6.4,".223",".274",".286","0.560",".238",".350",".257",".289","27.1"
"Haase, Eric",606992,2025,32,43,47,10,7,1,0,2,18,3,38.3,6.4,".233",".395",".283","0.678",".214",".396",".299",".287","28.2"
"Duran, Ezequiel",677649,2025,26,35,37,4,3,1,0,0,12,0,32.4,0,".114",".143",".135","0.278",".166",".270",".126",".208","28.3"
"Guerrero Jr., Vladimir",665489,2025,26,226,269,63,45,10,0,8,41,38,15.2,14.1,".279",".429",".387","0.816",".324",".535",".359",".414","26.7"
"Rojas, Johan",679032,2025,24,100,113,25,20,2,2,1,30,9,26.5,8,".250",".340",".306","0.646",".225",".290",".287",".259","30.0"
"Soderstrom, Tyler",691016,2025,23,236,265,60,36,11,1,12,69,24,26,9.1,".254",".462",".332","0.794",".275",".517",".346",".371","27.2"
"Simpson, Chandler",802415,2025,24,123,133,35,31,4,0,0,14,6,10.5,4.5,".285",".317",".315","0.632",".305",".349",".283",".309","29.8"
"Pozo, Yohel",650968,2025,28,53,54,17,13,3,0,1,1,1,1.9,1.9,".321",".434",".333","0.767",".328",".427",".336",".334","24.8"
"Langeliers, Shea",669127,2025,27,203,226,48,29,9,0,10,41,20,18.1,8.8,".236",".429",".301","0.730",".262",".437",".316",".331","28.4"
"Contreras, William",661388,2025,27,211,248,51,39,7,0,5,49,36,19.8,14.5,".242",".346",".351","0.697",".240",".366",".314",".319","26.2"
"Lindor, Francisco",596019,2025,31,247,283,69,45,10,0,14,49,23,17.3,8.1,".279",".490",".353","0.843",".264",".467",".364",".350","27.3"
"Villar, David",681584,2025,28,20,25,4,3,1,0,0,5,4,20,16,".200",".250",".360","0.610",".233",".363",".298",".344","26.2"
"Nootbaar, Lars",663457,2025,27,229,268,57,37,12,0,8,51,35,19,13.1,".249",".406",".351","0.757",".266",".454",".335",".355","27.0"
"Triolo, Jared",669707,2025,27,92,104,14,8,4,0,2,19,8,18.3,7.7,".152",".261",".225","0.486",".221",".374",".222",".291","28.4"
"Garver, Mitch",641598,2025,34,96,113,19,16,2,0,1,30,16,26.5,14.2,".198",".250",".319","0.569",".209",".345",".272",".305","25.6"
"Santander, Anthony",623993,2025,30,184,209,33,22,5,0,6,55,24,26.3,11.5,".179",".304",".273","0.577",".197",".320",".261",".275","25.9"
"Soto, Juan",665742,2025,26,220,273,51,28,12,0,11,43,48,15.8,17.6,".232",".436",".366","0.802",".299",".589",".351",".431","25.9"
"Vivas, Jorbit",678391,2025,24,45,53,7,4,2,0,1,11,4,20.8,7.5,".156",".267",".255","0.522",".240",".321",".243",".297","26.1"
"Sanoja, Javier",691594,2025,22,127,142,30,21,8,0,1,23,10,16.2,7,".236",".323",".286","0.609",".260",".351",".270",".291","27.6"
"Bryant, Kris",592178,2025,33,39,41,6,4,2,0,0,13,2,31.7,4.9,".154",".205",".195","0.400",".165",".307",".183",".222","25.7"
"Chisholm Jr., Jazz",665862,2025,27,112,132,21,10,3,0,8,42,15,31.8,11.4,".188",".429",".303","0.732",".214",".449",".323",".338","27.4"
"Melendez Jr., MJ",669004,2025,26,47,52,4,2,1,0,1,20,3,38.5,5.8,".085",".170",".173","0.343",".139",".275",".167",".224","26.9"
"Diaz, Yainer",673237,2025,26,203,213,47,33,6,1,7,39,8,18.3,3.8,".232",".374",".268","0.642",".283",".510",".282",".353","26.9"
"Walker, Christian",572233,2025,34,221,243,46,29,8,1,8,69,15,28.4,6.2,".208",".362",".272","0.634",".240",".418",".281",".313","26.5"
"Carter, Evan",694497,2025,22,38,42,7,6,0,0,1,6,3,14.3,7.1,".184",".263",".262","0.525",".225",".369",".244",".295","28.9"
"Schanuel, Nolan",694384,2025,23,204,243,56,41,11,1,3,30,33,12.3,13.6,".275",".382",".379","0.761",".281",".405",".340",".348","25.8"
"Rutschman, Adley",668939,2025,27,196,222,42,28,7,1,6,38,25,17.1,11.3,".214",".352",".306","0.658",".268",".471",".297",".358","26.9"
"Lopez, Otto",672640,2025,26,163,180,37,26,7,0,4,24,16,13.3,8.9,".227",".344",".300","0.644",".276",".454",".288",".345","28.4"
"France, Ty",664034,2025,30,216,238,59,46,9,0,4,37,10,15.5,4.2,".273",".370",".336","0.706",".277",".460",".318",".350","24.7"
"Call, Alex",669743,2025,30,108,136,29,21,6,2,0,19,18,14,13.2,".269",".361",".379","0.740",".229",".339",".335",".320","27.5"
"Naylor, Josh",647304,2025,28,230,254,66,44,14,1,7,32,20,12.6,7.9,".287",".448",".344","0.792",".286",".441",".345",".341","24.5"
"Heineman, Tyler",623168,2025,34,48,51,19,14,4,0,1,10,2,19.6,3.9,".396",".542",".412","0.954",".246",".352",".412",".272","26.1"
"Veen, Zac",691728,2025,23,34,37,4,2,1,0,1,14,2,37.8,5.4,".118",".235",".189","0.424",".130",".242",".196",".203","28.2"
"Adames, Willy",642715,2025,29,234,268,47,31,10,1,5,69,30,25.7,11.2,".201",".316",".292","0.608",".207",".375",".275",".298","27.7"
"Reynolds, Bryan",668804,2025,30,234,262,55,38,9,1,7,67,23,25.6,8.8,".235",".372",".305","0.677",".276",".517",".299",".368","27.9"
"Malloy, Justyn-Henry",669234,2025,25,93,115,20,15,4,0,1,31,19,27,16.5,".215",".290",".348","0.638",".198",".318",".299",".299","26.7"
"Andujar, Miguel",609280,2025,30,169,180,50,39,7,1,3,23,9,12.8,5,".296",".402",".328","0.730",".263",".374",".320",".299","27.1"
"Smith, Will",669257,2025,30,158,194,51,35,11,0,5,33,31,17,16,".323",".487",".433","0.920",".295",".514",".405",".399","26.9"
"Wade, Tyler",642180,2025,30,75,89,17,15,1,1,0,24,11,27,12.4,".227",".267",".326","0.593",".186",".227",".278",".245","28.0"
"Bregman, Alex",608324,2025,31,197,226,59,31,17,0,11,42,22,18.6,9.7,".299",".553",".385","0.938",".255",".484",".404",".359","26.3"
"Ortiz, Joey",687401,2025,26,191,214,34,26,6,0,2,38,17,17.8,7.9,".178",".241",".252","0.493",".239",".319",".229",".282","28.5"
"Tucker, Kyle",663656,2025,28,226,270,64,38,10,4,12,32,40,11.9,14.8,".283",".522",".393","0.915",".306",".569",".390",".412","26.5"
"Baker, Luken",663609,2025,28,34,41,8,5,3,0,0,10,7,24.4,17.1,".235",".324",".366","0.690",".224",".375",".320",".330","25.1"
"Pham, Tommy",502054,2025,37,143,158,30,26,4,0,0,42,13,26.6,8.2,".210",".238",".278","0.516",".204",".279",".237",".248","27.7"
"Barrero, Jose",676480,2025,27,18,19,3,1,1,0,1,6,0,31.6,0,".167",".389",".211","0.600",".149",".267",".261",".205","27.1"
"Rengifo, Luis",650859,2025,28,190,202,40,32,7,0,1,32,9,15.8,4.5,".211",".263",".244","0.507",".273",".377",".227",".299","26.7"
"Bellinger, Cody",641355,2025,29,202,232,51,31,10,2,8,39,24,16.8,10.3,".252",".441",".328","0.769",".250",".451",".333",".338","28.3"
"Sánchez, Ali",645305,2025,28,11,11,2,1,1,0,0,3,0,27.3,0,".182",".273",".182","0.455",".203",".321",".196",".225","25.5"
"Rogers, Jake",668670,2025,30,32,36,4,3,0,1,0,9,4,25,11.1,".125",".188",".222","0.410",".193",".308",".196",".267","26.6"
"Story, Trevor",596115,2025,32,230,246,50,39,4,0,7,77,12,31.3,4.9,".217",".326",".265","0.591",".240",".411",".265",".302","28.5"
"Stefanic, Michael",683021,2025,29,22,25,4,4,0,0,0,3,3,12,12,".182",".182",".280","0.462",".226",".330",".226",".293","25.1"
"Siani, Michael",672279,2025,25,16,17,4,4,0,0,0,6,1,35.3,5.9,".250",".250",".294","0.544",".307",".337",".250",".309","28.0"
"Elko, Tim",671284,2025,26,35,36,6,3,0,0,3,10,1,27.8,2.8,".171",".429",".194","0.623",".208",".454",".267",".289","27.6"
"Grisham, Trent",663757,2025,28,172,198,42,25,3,1,13,44,25,22.2,12.6,".244",".500",".343","0.843",".259",".525",".368",".378","27.2"
"Profar, Jurickson",595777,2025,32,15,16,3,3,0,0,0,3,1,18.8,6.3,".200",".200",".250","0.450",".132",".157",".210",".165","23.6"
"Gorski, Matt",685301,2025,27,41,42,8,5,0,1,2,16,1,38.1,2.4,".195",".390",".214","0.604",".194",".384",".260",".254","28.7"
"Merrill, Jackson",701538,2025,22,138,148,44,29,9,1,5,32,8,21.6,5.4,".319",".507",".358","0.865",".306",".550",".375",".381","28.1"
"Rortvedt, Ben",666163,2025,27,63,70,6,5,1,0,0,14,7,20,10,".095",".111",".186","0.297",".156",".207",".151",".210","25.5"
"Wallner, Matt",670242,2025,27,68,81,18,9,5,2,2,21,10,25.9,12.3,".265",".485",".383","0.868",".259",".516",".381",".388","27.4"
"Tromp, Chadwick",644433,2025,30,9,10,0,0,0,0,0,4,1,40,10,".000",".000",".100","0.100",".047",".062",".069",".119",
"Paris, Kyren",677347,2025,23,126,140,24,13,4,1,6,59,10,42.1,7.1,".190",".381",".266","0.647",".187",".374",".287",".280","29.0"
"Amaya, Miguel",665804,2025,26,93,100,26,13,9,0,4,22,4,22,4,".280",".505",".313","0.818",".259",".425",".352",".315","25.9"
"Pages, Andy",681624,2025,24,221,238,64,42,9,1,12,45,13,18.9,5.5,".290",".502",".336","0.838",".280",".475",".364",".348","28.4"
"Rodgers, Brendan",663898,2025,28,100,111,19,14,4,0,1,42,9,37.8,8.1,".190",".260",".261","0.521",".217",".381",".240",".292","26.4"
"Bouchard, Sean",656248,2025,29,65,72,11,9,0,1,1,27,7,37.5,9.7,".169",".246",".250","0.496",".177",".231",".230",".226","26.9"
"Barger, Addison",680718,2025,25,128,140,34,17,11,0,6,31,11,22.1,7.9,".266",".492",".329","0.821",".295",".546",".352",".380","27.7"
"Friedl Jr., TJ",670770,2025,29,227,262,68,51,11,2,4,42,30,16,11.5,".300",".419",".383","0.802",".257",".330",".357",".307","26.8"
"Raley, Luke",670042,2025,30,68,84,14,10,2,0,2,20,10,23.8,11.9,".206",".324",".345","0.669",".260",".432",".312",".373","28.5"
"Meyers, Jake",676694,2025,29,185,204,54,40,10,1,3,38,16,18.6,7.8,".292",".405",".347","0.752",".279",".426",".333",".334","28.3"
"Tena, José",677588,2025,24,120,134,31,17,12,2,0,28,13,20.9,9.7,".258",".392",".328","0.720",".261",".383",".318",".319","27.7"
"Toglia, Michael",669911,2025,26,186,207,36,20,9,1,6,81,18,39.1,8.7,".194",".349",".266","0.615",".205",".358",".269",".276","26.7"
"Moniak, Mickey",666160,2025,27,156,168,33,20,4,4,5,40,10,23.8,6,".212",".385",".262","0.647",".249",".433",".279",".313","28.6"
"Shaw, Matt",807713,2025,23,108,122,25,17,7,0,1,27,14,22.1,11.5,".231",".324",".320","0.644",".252",".359",".294",".313","28.8"
"Buxton, Byron",621439,2025,31,183,201,49,30,6,3,10,62,12,30.8,6,".268",".497",".313","0.810",".236",".462",".345",".320","30.2"
"Olson, Matt",621566,2025,31,224,260,53,29,12,0,12,62,33,23.8,12.7,".237",".451",".335","0.786",".263",".536",".345",".384","25.0"
"Davidson, Logan",669722,2025,27,16,19,3,2,1,0,0,10,2,52.6,10.5,".188",".250",".278","0.528",".153",".186",".247",".209","27.5"
"Ibáñez, Andy",628451,2025,32,92,104,20,14,4,0,2,13,7,12.5,6.7,".217",".326",".298","0.624",".249",".379",".283",".315","27.5"
"Urías, Ramón",602104,2025,31,134,155,36,29,5,0,2,31,15,20,9.7,".269",".351",".329","0.680",".246",".366",".301",".307","26.9"
"Refsnyder, Rob",608701,2025,34,60,71,18,11,3,0,4,21,8,29.6,11.3,".300",".550",".380","0.930",".272",".499",".393",".361","26.7"
"Thomas, Rhylan",689041,2025,25,8,10,1,0,1,0,0,0,1,0,10,".125",".250",".200","0.450",".144",".170",".196",".180","25.8"
"Machado, Manny",592518,2025,32,223,250,70,46,17,0,7,41,25,16.4,10,".314",".484",".380","0.864",".315",".543",".376",".398","25.9"
"Frazier, Adam",624428,2025,33,173,192,42,31,8,0,3,32,15,16.7,7.8,".243",".341",".313","0.654",".224",".291",".290",".261","26.6"
"Brown, Seth",664913,2025,32,52,61,11,8,2,0,1,17,7,27.9,11.5,".212",".308",".328","0.636",".223",".389",".296",".325","27.5"
"Williamson, Ben",810938,2025,24,148,155,36,30,5,0,1,40,6,25.8,3.9,".243",".297",".277","0.574",".236",".331",".258",".266","28.0"
"Muncy, Max",571970,2025,34,186,227,42,24,8,1,9,55,34,24.2,15,".226",".425",".348","0.773",".239",".504",".340",".370","27.2"
"Candelario, Jeimer",600869,2025,31,80,91,9,5,2,0,2,29,9,31.9,9.9,".113",".212",".198","0.410",".131",".250",".191",".218","26.7"
"Lopez, Nicky",670032,2025,30,24,28,1,1,0,0,0,4,4,14.3,14.3,".042",".042",".179","0.221",".185",".221",".131",".251","27.3"
"Greene, Riley",682985,2025,24,237,256,67,40,14,0,13,78,18,30.5,7,".283",".506",".336","0.842",".259",".507",".364",".349","26.7"
"Arenado, Nolan",571448,2025,34,211,235,48,31,10,1,6,26,20,11.1,8.5,".227",".370",".298","0.668",".240",".373",".291",".297","25.7"
"Henderson, Gunnar",683002,2025,24,214,232,55,35,11,2,7,62,18,26.7,7.8,".257",".425",".315","0.740",".258",".402",".323",".313","28.3"
"Stott, Bryson",681082,2025,27,209,232,52,40,6,2,4,40,20,17.2,8.6,".249",".354",".316","0.670",".249",".381",".300",".307","28.2"
"Cronenworth, Jake",630105,2025,31,111,139,28,17,6,1,4,28,22,20.1,15.8,".252",".432",".384","0.816",".224",".335",".363",".320","28.2"
"García, Adolis",666969,2025,32,203,221,43,25,11,0,7,59,11,26.7,5,".212",".369",".258","0.627",".236",".438",".274",".315","27.2"
"Ward, Taylor",621493,2025,31,234,257,50,21,11,1,17,70,18,27.2,7,".214",".487",".265","0.752",".239",".504",".318",".333","27.4"
"Lowe, Nathaniel",663993,2025,29,233,257,52,34,10,0,8,69,22,26.8,8.6,".223",".369",".292","0.661",".241",".384",".294",".308","25.8"
"Marte, Ketel",606466,2025,31,123,149,36,20,6,0,10,18,22,12.1,14.8,".293",".585",".416","1.001",".330",".626",".427",".450","26.2"
"Chapman, Matt",656305,2025,32,216,256,51,30,10,0,11,61,39,23.8,15.2,".236",".435",".355","0.790",".260",".485",".352",".374","28.2"
"Kurtz, Nick",701762,2025,22,94,108,23,15,2,1,5,36,11,33.3,10.2,".245",".447",".315","0.762",".251",".471",".326",".338","27.2"
"Estrada, Thairo",642731,2025,29,18,20,5,3,2,0,0,4,0,20,0,".278",".389",".300","0.689",".238",".347",".297",".275","26.6"
"Narváez, Carlos",665966,2025,26,160,177,46,29,12,0,5,43,17,24.3,9.6,".287",".456",".356","0.812",".249",".430",".357",".327","26.0"
"Rushing, Dalton",687221,2025,24,30,31,7,5,1,0,1,16,1,51.6,3.2,".233",".367",".258","0.625",".198",".345",".274",".246","26.6"
"Steer, Spencer",668715,2025,27,207,226,46,32,10,0,4,56,18,24.8,8,".222",".329",".288","0.617",".233",".341",".277",".284","28.2"
"Koss, Christian",683766,2025,27,64,72,14,13,0,0,1,21,4,29.2,5.6,".219",".266",".275","0.541",".252",".408",".249",".313","28.8"
"Stephenson, Tyler",663886,2025,28,95,108,22,12,5,0,5,40,12,37,11.1,".232",".442",".315","0.757",".229",".463",".328",".335","26.5"
"Bailey, Patrick",672275,2025,26,155,173,30,19,9,1,1,55,14,31.8,8.1,".194",".284",".256","0.540",".191",".339",".243",".262","25.1"
"Winn, Masyn",691026,2025,23,178,203,50,34,10,0,6,43,19,21.2,9.4,".281",".438",".356","0.794",".267",".404",".350",".329","28.5"
"Bliss, Ryan",669208,2025,25,35,39,7,5,1,0,1,11,4,28.2,10.3,".200",".314",".282","0.596",".219",".425",".271",".316","28.4"
"Aranda, Jonathan",666018,2025,27,181,210,59,40,12,0,7,50,23,23.8,11,".326",".508",".414","0.922",".298",".510",".405",".392","25.9"
"Encarnacion-Strand, Christian",687952,2025,25,57,60,9,5,2,0,2,13,1,21.7,1.7,".158",".298",".183","0.481",".203",".372",".209",".263","27.5"
"Burger, Jake",669394,2025,29,178,188,38,21,10,0,7,48,5,25.5,2.7,".213",".388",".245","0.633",".245",".476",".274",".322","28.2"
"Clarke, Denzel",672016,2025,25,39,41,7,5,1,0,1,25,1,61,2.4,".179",".282",".220","0.502",".145",".224",".225",".185","29.9"
"Hampson, Garrett",641658,2025,30,42,54,7,7,0,0,0,15,10,27.8,18.5,".167",".167",".327","0.494",".177",".220",".253",".273","28.6"
"Williams, Luke",663897,2025,28,13,14,2,1,1,0,0,3,0,21.4,0,".154",".231",".214","0.445",".141",".175",".206",".177","27.5"
"Rivas, Leo",660844,2025,27,60,73,17,16,1,0,0,15,12,20.5,16.4,".283",".300",".411","0.711",".213",".262",".337",".293","27.9"
"Solano, Donovan",456781,2025,37,77,82,13,11,2,0,0,20,4,24.4,4.9,".169",".195",".207","0.402",".206",".315",".184",".244","24.6"
"Maton, Nick",665155,2025,28,54,63,9,5,2,0,2,19,9,30.2,14.3,".167",".315",".286","0.601",".137",".261",".276",".242","25.3"
"Santana, Carlos",467793,2025,39,195,232,51,38,6,0,7,41,31,17.7,13.4,".262",".400",".366","0.766",".228",".373",".342",".318","25.6"
"Rodríguez, Endy",682848,2025,25,52,57,9,5,4,0,0,14,5,24.6,8.8,".173",".250",".246","0.496",".203",".301",".228",".258","27.1"
"Gorman, Nolan",669357,2025,25,95,112,19,11,5,1,2,31,14,27.7,12.5,".200",".337",".295","0.632",".200",".374",".279",".303","25.9"
"Dubón, Mauricio",643289,2025,30,97,103,26,19,6,0,1,5,5,4.9,4.9,".268",".361",".304","0.665",".263",".320",".295",".276","27.8"
"Arias, Gabriel",672356,2025,25,192,214,45,30,11,0,4,64,15,29.9,7,".234",".354",".300","0.654",".219",".385",".292",".299","27.2"
"Trout, Mike",545361,2025,33,127,145,29,16,2,1,10,38,15,26.2,10.3,".228",".496",".310","0.806",".281",".608",".342",".400","28.3"
"Alonso, Pete",624413,2025,30,231,272,67,33,19,1,14,57,31,21,11.4,".290",".563",".386","0.949",".307",".634",".405",".432","25.6"
"Donovan, Brendan",680977,2025,28,221,246,71,48,19,0,4,28,19,11.4,7.7,".321",".462",".384","0.846",".321",".499",".371",".384","26.7"
"Benintendi, Andrew",643217,2025,30,127,145,31,21,3,1,6,29,12,20,8.3,".244",".425",".313","0.738",".240",".498",".322",".356","26.8"
"Dezenzo, Zach",701305,2025,25,98,109,24,16,6,0,2,37,11,33.9,10.1,".245",".367",".321","0.688",".242",".440",".309",".329","28.1"
"Kreidler, Ryan",668952,2025,27,38,44,4,4,0,0,0,19,4,43.2,9.1,".105",".105",".190","0.295",".187",".261",".151",".242","27.4"
"Lewis, Royce",668904,2025,26,78,86,11,7,3,0,1,14,8,16.3,9.3,".141",".218",".221","0.439",".218",".406",".205",".303","25.3"
"Matos, Luis",682641,2025,23,72,76,12,6,2,0,4,10,4,13.2,5.3,".167",".361",".211","0.572",".227",".408",".250",".290","27.4"
"Butler, Lawrence",671732,2025,24,236,260,62,33,19,1,9,67,24,25.8,9.2,".263",".466",".331","0.797",".244",".437",".348",".326","26.6"
"Holliday, Jackson",702616,2025,21,201,216,53,36,8,2,7,50,11,23.1,5.1,".264",".428",".315","0.743",".272",".477",".326",".344","28.7"
"Schwarber, Kyle",656941,2025,32,223,270,58,29,9,1,19,66,43,24.4,15.9,".260",".565",".389","0.954",".280",".613",".409",".428","25.9"
"Toro, Abraham",647351,2025,28,69,71,21,14,4,0,3,11,1,15.5,1.4,".304",".493",".310","0.803",".291",".406",".345",".301","27.7"
"Campbell, Kristian",692225,2025,23,198,226,44,30,9,0,5,62,25,27.4,11.1,".222",".343",".314","0.657",".229",".357",".298",".303","27.2"
"Torrens, Luis",620443,2025,29,100,113,25,14,9,1,1,25,13,22.1,11.5,".250",".390",".336","0.726",".332",".611",".324",".433","26.5"
"Altuve, Jose",514888,2025,35,231,250,61,46,6,0,9,44,17,17.6,6.8,".264",".407",".312","0.719",".235",".366",".313",".283","26.9"
"Busch, Michael",683737,2025,27,185,214,51,28,11,3,9,51,24,23.8,11.2,".276",".514",".374","0.888",".263",".539",".385",".385","26.8"
"Hernández, Enrique",571771,2025,33,121,135,28,18,3,0,7,35,12,25.9,8.9,".231",".430",".299","0.729",".250",".454",".319",".332","26.7"
"Pillar, Kevin",607680,2025,36,43,43,9,7,2,0,0,8,0,18.6,0,".209",".256",".209","0.465",".216",".295",".204",".220","28.4"
"Winker, Jesse",608385,2025,31,67,78,16,8,5,2,1,20,9,25.6,11.5,".239",".418",".321","0.739",".222",".382",".316",".300","25.8"
"Jones, Nolan",666134,2025,27,144,162,31,22,6,1,2,43,15,26.5,9.3,".215",".313",".292","0.605",".255",".449",".271",".334","27.6"
"Perez, Salvador",521692,2025,35,223,237,51,32,15,0,4,51,10,21.5,4.2,".229",".350",".267","0.617",".287",".503",".270",".351","24.4"
"Freeman, Freddie",518692,2025,35,190,217,69,40,19,1,9,41,22,18.9,10.1,".363",".616",".429","1.045",".321",".567",".441",".407","25.7"
"Maile, Luke",571912,2025,34,8,10,3,2,0,0,1,1,2,10,20,".375",".750",".500","1.250",".431",".872",".525",".580",
"Sánchez, Gary",596142,2025,32,30,35,3,3,0,0,0,12,1,34.3,2.9,".100",".100",".200","0.300",".204",".260",".158",".254","23.7"
"Loftin, Nick",679845,2025,26,20,22,5,2,2,0,1,4,1,18.2,4.5,".250",".500",".273","0.773",".302",".476",".322",".340","28.1"
"Mead, Curtis",678554,2025,24,84,94,18,13,2,0,3,24,6,25.5,6.4,".214",".345",".287","0.632",".238",".364",".284",".300","26.8"
"Hassell III, Robert",690987,2025,23,48,48,12,10,1,0,1,13,0,27.1,0,".250",".333",".250","0.583",".285",".426",".255",".306","28.6"
"Happ, Ian",664023,2025,30,214,247,54,39,12,0,3,53,30,21.5,12.1,".252",".350",".344","0.694",".266",".403",".315",".339","27.1"
"Albies, Ozzie",645277,2025,28,233,258,54,40,8,0,6,40,22,15.5,8.5,".232",".343",".302","0.645",".242",".365",".290",".301","27.3"
"d'Arnaud, Travis",518595,2025,36,86,92,19,12,6,0,1,28,4,30.4,4.3,".221",".326",".272","0.598",".234",".445",".267",".314","26.3"
"Schneemann, Daniel",682177,2025,28,134,152,34,20,7,0,7,37,17,24.3,11.2,".254",".463",".338","0.801",".241",".470",".349",".342","27.8"
"Pauley, Graham",688363,2025,24,81,89,17,11,6,0,0,21,6,23.6,6.7,".210",".284",".261","0.545",".220",".331",".245",".278","26.6"
"Naylor, Bo",666310,2025,25,141,166,25,12,5,1,7,45,22,27.1,13.3,".177",".376",".285","0.661",".189",".378",".294",".297","27.1"
"Rodríguez, Julio",677594,2025,24,242,267,60,42,6,2,10,51,20,19.1,7.5,".248",".413",".318","0.731",".270",".469",".323",".349","29.3"
"Pérez, Wenceel",672761,2025,25,27,29,8,3,3,0,2,8,0,27.6,0,".296",".630",".345","0.975",".276",".491",".417",".352","27.5"
"Schneider, Davis",676914,2025,26,21,28,4,3,0,0,1,10,6,35.7,21.4,".190",".333",".393","0.726",".129",".235",".344",".290","26.5"
"Roden, Alan",702176,2025,25,76,87,13,9,3,0,1,19,5,21.8,5.7,".171",".250",".253","0.503",".161",".231",".233",".221","27.8"
"Higashioka, Kyle",543309,2025,35,93,98,22,16,5,0,1,18,5,18.4,5.1,".237",".323",".276","0.599",".230",".371",".267",".278","25.3"
"Tauchman, Mike",643565,2025,34,53,64,18,10,5,1,2,12,11,18.8,17.2,".340",".585",".453","1.038",".287",".406",".448",".366","25.6"
"Muncy, Max",691777,2025,22,72,75,13,8,4,0,1,24,3,32,4,".181",".278",".213","0.491",".219",".314",".218",".247","27.6"
"Alexander Jr., CJ",680769,2025,28,17,17,3,3,0,0,0,8,0,47.1,0,".176",".176",".176","0.352",".188",".212",".157",".176",
"Ballesteros, Moisés",694208,2025,21,16,18,3,3,0,0,0,1,2,5.6,11.1,".188",".188",".278","0.466",".265",".329",".226",".307","26.2"
"Montes, Coco",663796,2025,28,10,10,2,2,0,0,0,3,0,30,0,".200",".200",".200","0.400",".266",".309",".178",".251","25.6"
"Avans, Drew",682183,2025,29,15,15,2,2,0,0,0,5,0,33.3,0,".133",".133",".133","0.266",".163",".186",".119",".152","29.1"
"Lee, Korey",686676,2025,26,28,31,7,4,3,0,0,5,2,16.1,6.5,".250",".357",".300","0.657",".175",".238",".292",".212","27.7"
"Campero, Gustavo",672569,2025,27,10,12,2,2,0,0,0,2,2,16.7,16.7,".200",".200",".333","0.533",".221",".281",".264",".296","26.6"
"Wynns, Austin",642851,2025,34,40,43,16,10,3,0,3,12,3,27.9,7,".400",".700",".442","1.142",".301",".583",".489",".396","24.3"
"Hoerner, Nico",663538,2025,28,223,242,66,50,15,1,0,18,14,7.4,5.8,".296",".372",".343","0.715",".287",".374",".318",".312","28.3"
"Rosario, Amed",642708,2025,29,92,96,28,18,7,0,3,15,2,15.6,2.1,".304",".478",".333","0.811",".320",".488",".354",".362","27.3"
"Keaschall, Luke",807712,2025,22,19,26,7,4,3,0,0,2,5,7.7,19.2,".368",".526",".538","1.064",".282",".470",".473",".422","27.8"
"Swanson, Dansby",621020,2025,31,233,258,56,36,8,1,11,69,20,26.7,7.8,".240",".425",".296","0.721",".264",".486",".312",".348","28.3"
"Ramírez, Agustín",682663,2025,23,146,159,35,17,11,0,7,25,13,15.7,8.2,".240",".459",".302","0.761",".272",".467",".331",".345","26.6"
"Myers, Dane",667472,2025,29,96,104,29,22,4,0,3,23,7,22.1,6.7,".302",".438",".356","0.794",".316",".500",".351",".376","28.2"
"Rojas, Josh",668942,2025,31,76,87,11,9,2,0,0,25,10,28.7,11.5,".145",".171",".241","0.412",".197",".259",".201",".257","25.9"
"Moore, Dylan",664238,2025,32,131,145,34,22,4,0,8,42,12,29,8.3,".260",".473",".317","0.790",".241",".423",".342",".320","27.6"
"LeMahieu, DJ",518934,2025,36,52,57,12,10,1,0,1,13,5,22.8,8.8,".231",".308",".298","0.606",".270",".405",".276",".324","25.0"
"Waters, Drew",671221,2025,26,149,157,42,32,6,3,1,40,6,25.5,3.8,".282",".383",".318","0.701",".251",".347",".310",".280","27.7"
"Crow-Armstrong, Pete",691718,2025,23,239,258,66,33,15,3,15,67,13,26,5,".276",".552",".314","0.866",".262",".511",".369",".345","29.5"
"Witt Jr., Bobby",677951,2025,25,237,266,68,36,22,3,7,48,21,18,7.9,".287",".494",".346","0.840",".305",".520",".355",".385","30.4"
"Alvarez, Francisco",682626,2025,23,88,100,21,17,3,0,1,28,10,28,10,".239",".307",".330","0.637",".216",".336",".294",".291","25.6"
"Moreno, Gabriel",672515,2025,25,160,174,45,32,8,1,4,29,13,16.7,7.5,".281",".419",".339","0.758",".274",".439",".335",".335","26.8"
"Nimmo, Brandon",607043,2025,32,211,233,49,29,11,0,9,45,18,19.3,7.7,".232",".412",".296","0.708",".263",".458",".309",".337","27.3"
"Marchán, Rafael",665561,2025,26,35,43,5,4,0,0,1,8,7,18.6,16.3,".143",".229",".302","0.531",".207",".293",".261",".304","26.6"
"Conine, Griffin",665052,2025,27,64,71,18,10,7,0,1,19,7,26.8,9.9,".281",".438",".352","0.790",".255",".429",".348",".331","27.4"
"Rocchio, Brayan",677587,2025,24,91,102,15,12,3,0,0,21,5,20.6,4.9,".165",".198",".235","0.433",".232",".314",".205",".278","26.4"
"Bauers, Jake",641343,2025,29,83,97,21,12,5,0,4,33,14,34,14.4,".253",".458",".361","0.819",".235",".510",".358",".364","26.3"
"Collins, Isaac",686555,2025,27,104,120,24,17,5,0,2,28,13,23.3,10.8,".231",".337",".328","0.665",".235",".351",".303",".307","27.4"
"Quero, Edgar",700337,2025,22,116,132,29,23,6,0,0,22,14,16.7,10.6,".250",".302",".341","0.643",".231",".314",".297",".290","24.9"
"Arozarena, Randy",668227,2025,30,212,252,46,27,11,1,7,74,29,29.4,11.5,".217",".377",".337","0.714",".233",".415",".324",".346","27.4"
"Hurtubise, Jacob",674441,2025,27,12,15,1,1,0,0,0,6,1,40,6.7,".083",".083",".267","0.350",".153",".178",".202",".259",
"Robles, Victor",645302,2025,28,44,46,12,9,3,0,0,7,0,15.2,0,".273",".341",".283","0.624",".204",".280",".273",".216","27.8"
"Lowe, Brandon",664040,2025,30,215,232,54,35,7,0,12,62,15,26.7,6.5,".251",".451",".302","0.753",".275",".521",".328",".359","26.4"
"Díaz, Elias",553869,2025,34,131,143,28,21,4,0,3,33,10,23.1,7,".214",".313",".275","0.588",".199",".290",".265",".247","24.7"
"Trevino, Jose",624431,2025,32,119,127,35,18,14,0,3,16,6,12.6,4.7,".294",".487",".325","0.812",".245",".372",".351",".283","24.2"
"Capra, Vinny",681962,2025,28,68,73,6,4,1,0,1,19,2,26,2.7,".088",".147",".125","0.272",".154",".234",".125",".193","28.4"
"Arraez, Luis",650333,2025,28,217,236,61,43,12,3,3,5,11,2.1,4.7,".281",".406",".315","0.721",".274",".342",".314",".285","26.5"
"Marte, Noelvi",682622,2025,23,68,73,20,12,4,1,3,12,5,16.4,6.8,".294",".515",".342","0.857",".242",".427",".371",".312","29.4"
"Kwan, Steven",680757,2025,27,231,256,72,54,13,0,5,22,20,8.6,7.8,".312",".433",".373","0.806",".295",".401",".357",".337","26.7"
"Goodman, Hunter",696100,2025,25,224,241,63,38,13,2,10,62,13,25.7,5.4,".281",".491",".328","0.819",".251",".451",".355",".323","27.7"
"Lawlar, Jordan",691783,2025,22,19,22,0,0,0,0,0,9,3,40.9,13.6,".000",".000",".136","0.136",".096",".110",".095",".172","29.9"
"Carlson, Dylan",666185,2025,26,57,61,13,8,3,0,2,17,3,27.9,4.9,".228",".386",".262","0.648",".230",".357",".281",".269","27.6"
"Siri, Jose",642350,2025,29,20,24,1,0,1,0,0,8,4,33.3,16.7,".050",".100",".208","0.308",".118",".255",".169",".245",
"Valdez, Enmanuel",665839,2025,26,91,102,19,11,4,2,2,16,11,15.7,10.8,".209",".363",".294","0.657",".264",".433",".293",".339","26.1"
"Edman, Tommy",669242,2025,30,161,174,39,21,8,1,9,30,7,17.2,4,".242",".472",".282","0.754",".290",".484",".323",".354","28.5"
"Suzuki, Seiya",673548,2025,30,226,255,60,26,18,2,14,65,24,25.5,9.4,".265",".549",".329","0.878",".279",".538",".372",".373","27.8"
"Ohtani, Shohei",660271,2025,30,240,281,70,34,9,4,23,71,39,25.3,13.9,".292",".650",".388","1.038",".311",".722",".430",".462","28.0"
"Mangum, Jake",663968,2025,29,87,92,27,22,4,0,1,13,5,14.1,5.4,".310",".391",".348","0.739",".262",".392",".328",".304","28.9"
"Lee, Brooks",686797,2025,24,165,177,40,31,5,0,4,30,9,16.9,5.1,".242",".345",".282","0.627",".242",".390",".278",".295","25.5"
"Azocar, José",640492,2025,29,18,20,5,5,0,0,0,1,2,5,10,".278",".278",".350","0.628",".341",".399",".292",".357","28.9"
"Volpe, Anthony",683011,2025,24,215,246,51,25,17,2,7,61,25,24.8,10.2,".237",".433",".317","0.750",".239",".421",".327",".325","28.0"
"Monasterio, Andruw",655316,2025,28,24,29,4,2,2,0,0,6,5,20.7,17.2,".167",".250",".310","0.560",".233",".302",".269",".310","26.8"
"Iglesias, Jose",578428,2025,35,114,127,28,23,5,0,0,18,6,14.2,4.7,".246",".289",".304","0.593",".239",".279",".271",".263","27.9"
"Bart, Joey",663698,2025,28,146,170,35,28,5,1,1,40,21,23.5,12.4,".240",".308",".347","0.655",".236",".419",".304",".337","26.1"
"Ornelas, Tirso",672359,2025,25,14,16,1,1,0,0,0,2,2,12.5,12.5,".071",".071",".188","0.259",".176",".387",".142",".293","26.8"
"Gasper, Mickey",681508,2025,29,34,39,6,5,1,0,0,9,4,23.1,10.3,".176",".206",".282","0.488",".149",".209",".236",".224","26.8"
"Fermin, Freddy",666023,2025,30,103,110,25,21,3,0,1,19,5,17.3,4.5,".243",".301",".284","0.585",".226",".320",".260",".256","26.7"
"Rave, John",670231,2025,27,15,17,3,2,1,0,0,6,1,35.3,5.9,".200",".267",".250","0.517",".203",".241",".234",".224","29.3"
"Flores, Wilmer",527038,2025,33,220,241,55,41,4,0,10,43,18,17.8,7.5,".250",".405",".315","0.720",".246",".372",".320",".303","24.3"
"Nuñez, Nasim",683083,2025,24,38,44,8,6,2,0,0,8,5,18.2,11.4,".211",".263",".302","0.565",".241",".313",".264",".292","29.8"
"Cowser, Colton",681297,2025,25,23,26,4,2,0,0,2,7,2,26.9,7.7,".174",".435",".269","0.704",".235",".457",".310",".341","26.1"
"Anderson, Tim",641313,2025,32,83,90,17,14,3,0,0,29,3,32.2,3.3,".205",".241",".258","0.499",".185",".237",".231",".218","27.9"
"Schunk, Aaron",668845,2025,27,28,29,6,5,1,0,0,8,0,27.6,0,".214",".250",".214","0.464",".248",".332",".204",".250","27.2"
"Trejo, Alan",676701,2025,29,40,43,7,5,2,0,0,7,1,16.3,2.3,".175",".225",".190","0.415",".212",".333",".183",".240","26.2"
"Walker, Jordan",691023,2025,23,158,172,34,26,4,1,3,57,11,33.1,6.4,".215",".310",".273","0.583",".214",".360",".262",".280","28.5"
"Schuemann, Max",680474,2025,28,59,70,14,11,0,2,1,11,11,15.7,15.7,".237",".356",".357","0.713",".234",".342",".325",".318","28.2"
"Hays, Austin",669720,2025,29,119,130,36,21,6,3,6,32,8,24.6,6.2,".303",".555",".346","0.901",".270",".502",".381",".354","27.4"
"De La Cruz, Elly",682829,2025,23,241,272,62,39,11,0,12,75,28,27.6,10.3,".257",".452",".338","0.790",".255",".492",".342",".352","28.9"
"Báez, Javier",595879,2025,32,178,186,48,32,10,0,6,44,5,23.7,2.7,".270",".427",".301","0.728",".247",".402",".319",".296","27.2"
"Ramírez, José",608070,2025,32,220,246,72,46,14,1,11,27,20,11,8.1,".327",".550",".382","0.932",".308",".483",".394",".362","28.4"
"Clemens, Kody",665019,2025,29,78,92,19,8,5,1,5,22,10,23.9,10.9,".244",".526",".352","0.878",".290",".547",".380",".404","27.1"
"Herrera, Iván",671056,2025,25,95,112,31,19,7,0,5,21,13,18.8,11.6,".326",".558",".411","0.969",".282",".510",".417",".380","26.7"
"Thomas, Lane",657041,2025,29,59,65,7,6,1,0,0,22,3,33.8,4.6,".119",".136",".169","0.305",".150",".181",".145",".181","29.3"
"Moncada, Yoán",660162,2025,30,97,113,23,10,6,1,6,32,13,28.3,11.5,".237",".505",".336","0.841",".229",".487",".363",".354","26.9"
"Ruiz, Keibert",660688,2025,26,201,212,53,41,10,0,2,21,8,9.9,3.8,".264",".343",".302","0.645",".286",".371",".288",".305","24.6"
"Stallings, Jacob",607732,2025,35,84,93,12,9,3,0,0,31,5,33.3,5.4,".143",".179",".217","0.396",".173",".242",".190",".223","23.3"
"Julien, Edouard",666397,2025,26,91,104,18,11,5,0,2,29,11,27.9,10.6,".198",".319",".288","0.607",".250",".442",".276",".337","27.4"
"Giménez, Andrés",665926,2025,26,134,150,27,19,5,0,3,26,11,17.3,7.3,".201",".306",".280","0.586",".266",".386",".267",".329","28.5"
"Durbin, Caleb",702332,2025,25,134,155,29,18,10,0,1,12,8,7.7,5.2,".216",".313",".301","0.614",".219",".308",".280",".277","28.2"
"Taylor, Michael A.",572191,2025,34,110,124,22,11,7,1,3,44,12,35.5,9.7,".200",".364",".276","0.640",".196",".381",".283",".289","27.7"
"Verdugo, Alex",657077,2025,29,142,154,36,27,9,0,0,19,10,12.3,6.5,".254",".317",".312","0.629",".275",".390",".285",".317","25.8"
"Hedges, Austin",595978,2025,32,53,61,6,3,0,0,3,21,7,34.4,11.5,".113",".283",".217","0.500",".129",".222",".229",".212","24.7"
"Dalbec, Bobby",666915,2025,30,18,21,4,3,1,0,0,6,3,28.6,14.3,".222",".278",".333","0.611",".177",".236",".287",".258","27.4"
"Herrera, Jose",645444,2025,28,58,70,11,7,3,0,1,18,9,25.7,12.9,".190",".293",".299","0.592",".157",".221",".274",".234","24.4"
"Brennan, Will",686823,2025,27,11,13,1,1,0,0,0,1,1,7.7,7.7,".091",".091",".231","0.322",".109",".153",".178",".205","27.0"
"Torkelson, Spencer",679529,2025,25,212,252,49,21,14,0,14,63,32,25,12.7,".231",".495",".341","0.836",".238",".523",".359",".370","26.5"
"Maldonado, Martín",455117,2025,38,77,82,13,10,1,0,2,25,3,30.5,3.7,".169",".260",".200","0.460",".207",".381",".205",".267","22.6"
"Turner, Justin",457759,2025,40,87,103,18,15,2,0,1,19,12,18.4,11.7,".207",".264",".301","0.565",".242",".369",".262",".316","24.8"
"Garcia, Maikel",672580,2025,25,214,239,67,46,14,2,5,37,21,15.5,8.8,".313",".467",".374","0.841",".284",".435",".368",".341","27.6"