"last_name, first_name","player_id","year","player_age","p_game","p_formatted_ip","pa","ab","hit","single","double","triple","home_run","strikeout","walk","k_percent","bb_percent","batting_avg","slg_percent","on_base_percent","on_base_plus_slg","p_era","p_opp_batting_avg","xba","xslg","woba","xwoba","whiff_percent","swing_percent"
"McCaughan, Darren",670766,2025,29,"3","5.1",23,22,5,4,1,0,0,6,1,26.1,4.3,".227",".273",".261","0.534","1.69",,".233",".323",".240",".259",27.3,51.2
"Walter, Brandon",687888,2025,28,"1","5.0",18,17,3,2,1,0,0,5,1,27.8,5.6,".176",".235",".222","0.457","0.00",,".200",".242",".208",".219",15,50
"Palmquist, Carson",687223,2025,24,"2","8.1",45,37,16,10,4,0,2,2,5,4.4,11.1,".432",".703",".467","1.170","11.88",,".346",".572",".480",".409",14.7,46.3
"Hill, Jaden",677955,2025,25,"3","2.2",13,11,3,2,0,1,0,5,2,38.5,15.4,".273",".455",".385","0.840","3.38",,".106",".214",".368",".219",31.8,42.3
"Shuster, Jared",694363,2025,26,"9","11.1",58,52,18,12,6,0,0,9,4,15.5,6.9,".346",".462",".397","0.859","7.15",,".299",".445",".364",".334",28.7,51
"Buehler, Walker",621111,2025,30,"7","36.0",150,134,32,22,5,0,5,33,10,22,6.7,".239",".388",".309","0.697","4.00",,".247",".414",".310",".321",20.6,45.2
"Mena, Cristian",691441,2025,22,"1","3.2",12,11,0,0,0,0,0,5,1,41.7,8.3,".000",".000",".083","0.083","0.00",,".114",".122",".058",".154",30.4,50
"Pearson, Nate",663878,2025,28,"8","8.2",47,36,13,9,2,0,2,5,7,10.6,14.9,".361",".583",".447","1.030","10.38",,".246",".445",".426",".363",16.2,40
"Ashcraft, Graham",668933,2025,27,"20","24.0",107,94,24,18,5,0,1,28,10,26.2,9.3,".255",".340",".327","0.667","2.63",,".217",".310",".302",".271",29,51.7
"Rodríguez, Randy",678495,2025,25,"21","21.2",80,75,12,9,2,0,1,31,3,38.8,3.8,".160",".227",".200","0.427","0.83",,".176",".252",".193",".215",33.3,50.9
"López, Reynaldo",625643,2025,31,"1","5.0",25,23,9,7,1,0,1,1,2,4,8,".391",".565",".440","1.005","5.40",,".416",".612",".439",".463",7.3,43.6
"Yamamoto, Yoshinobu",808967,2025,26,"10","58.0",223,204,35,22,8,0,5,68,18,30.5,8.1,".172",".284",".242","0.526","1.86",,".206",".309",".239",".262",30.5,45.9
"Kelly, Merrill",518876,2025,36,"10","58.0",255,238,49,28,14,1,6,58,16,22.7,6.3,".206",".349",".259","0.608","3.26",,".257",".442",".269",".324",24,47.3
"Kochanowicz, Jack",686799,2025,24,"10","53.2",236,203,58,45,4,0,9,35,27,14.8,11.4,".286",".438",".373","0.811","5.03",,".270",".443",".356",".354",19.6,48.2
"Moll, Sam",594580,2025,33,"3","2.0",12,8,3,2,0,0,1,1,3,8.3,25,".375",".750",".545","1.295","18.00",,".259",".449",".540",".407",27.3,42.3
"Gordon, Tanner",685299,2025,27,"2","12.1",52,49,14,10,2,1,1,9,3,17.3,5.8,".286",".429",".327","0.756","4.38",,".279",".396",".331",".313",15.7,54.3
"Lord, Brad",695418,2025,25,"14","35.1",156,138,41,31,5,1,4,31,14,19.9,9,".297",".435",".368","0.803","4.84",,".309",".448",".355",".363",24.3,50.3
"Lodolo, Nick",666157,2025,27,"10","58.2",245,224,52,35,10,1,6,49,10,20,4.1,".232",".366",".284","0.650","3.22",,".258",".442",".288",".326",22.6,51.4
"Mejia, Juan",675848,2025,24,"6","7.2",42,39,12,7,2,1,2,11,3,26.2,7.1,".308",".564",".357","0.921","4.70",,".227",".326",".395",".273",28,46
"Wilson, Steven",621051,2025,30,"16","15.2",61,51,6,2,2,0,2,13,8,21.3,13.1,".118",".275",".246","0.521","1.72",,".209",".446",".242",".333",25.4,43.2
"Springs, Jeffrey",605488,2025,32,"10","53.0",250,223,49,27,13,0,9,47,23,18.8,9.2,".220",".399",".288","0.687","3.91",,".245",".414",".301",".319",25.4,45.1
"McGreevy, Michael",700241,2025,24,"1","5.2",20,18,1,1,0,0,0,5,1,25,5,".056",".056",".150","0.206","0.00",,".203",".363",".116",".287",25,45
"Greene, Hunter",668881,2025,25,"9","49.2",193,181,32,16,7,1,8,63,10,32.6,5.2,".177",".359",".228","0.587","2.54",,".196",".385",".258",".272",31.7,56.4
"Woo, Bryan",693433,2025,25,"9","57.2",249,236,51,37,9,0,5,60,8,24.1,3.2,".216",".318",".246","0.564","2.65",,".239",".394",".249",".288",24,53.7
"Eisert, Brandon",685126,2025,27,"21","20.2",99,90,28,15,8,2,3,27,5,27.3,5.1,".311",".544",".364","0.908","5.66",,".219",".393",".387",".293",28.3,48.2
"Kinley, Tyler",641755,2025,34,"21","20.0",96,77,19,14,4,0,1,20,16,20.8,16.7,".247",".338",".375","0.713","6.75",,".272",".373",".316",".339",25.5,46.1
"Trivino, Lou",642152,2025,33,"14","16.1",68,60,11,7,0,0,4,14,6,20.6,8.8,".183",".383",".279","0.662","4.41",,".244",".514",".296",".363",26.4,43.6
"Flaherty, Jack",656427,2025,29,"10","53.1",220,200,45,25,8,1,11,64,18,29.1,8.2,".225",".440",".291","0.731","4.39",,".248",".456",".318",".331",28.7,45.2
"Garcia, Robert",676395,2025,29,"25","21.0",81,72,13,11,1,0,1,18,8,22.2,9.9,".181",".236",".259","0.495","2.14",,".247",".366",".231",".305",24.1,47.2
"Montgomery, Mason",682254,2025,25,"21","16.2",73,61,13,9,0,0,4,21,10,28.8,13.7,".213",".410",".333","0.743","5.94",,".221",".438",".333",".342",33.8,52.8
"Fitts, Richard",690916,2025,25,"3","17.0",70,62,14,11,1,0,2,13,5,18.6,7.1,".226",".339",".275","0.614","3.18",,".246",".411",".271",".326",23.2,57
"De Los Santos, Enyel",660853,2025,29,"20","21.2",92,83,15,9,4,0,2,23,8,25,8.7,".181",".301",".261","0.562","3.74",,".227",".411",".251",".307",29.9,50.1
"Hicks, Jordan",663855,2025,28,"11","47.1",210,187,55,40,9,3,3,41,17,19.5,8.1,".294",".422",".364","0.786","6.46",,".270",".376",".348",".320",24.1,44.6
"Singer, Brady",663903,2025,28,"10","51.2",221,196,48,29,10,2,7,46,22,20.8,10,".245",".423",".321","0.744","4.88",,".265",".456",".327",".348",21.5,42.8
"Garabito, Gerson",642520,2025,29,"3","8.0",41,38,15,12,2,0,1,8,1,19.5,2.4,".395",".526",".439","0.965","9.00",,".335",".513",".425",".388",31.6,47.1
"Weissert, Greg",669711,2025,30,"22","21.0",92,84,19,17,0,0,2,23,7,25,7.6,".226",".298",".293","0.591","3.00",,".226",".335",".266",".276",24.5,44.7
"Freeland, Kyle",607536,2025,32,"10","50.2",256,238,80,59,14,2,5,44,13,17.2,5.1,".336",".475",".369","0.844","5.68",,".306",".476",".366",".350",22.1,53.2
"Booser, Cam",592155,2025,33,"22","18.1",81,68,14,8,2,0,4,21,10,25.9,12.3,".206",".412",".321","0.733","5.40",,".188",".357",".325",".307",29.6,46.4
"Martinez, Justin",679885,2025,23,"12","10.0",48,39,7,4,2,0,1,13,7,27.1,14.6,".179",".308",".333","0.641","2.70",,".222",".304",".302",".317",29.7,39.6
"Kikuchi, Yusei",579328,2025,34,"11","59.2",261,229,59,46,6,0,7,54,30,20.7,11.5,".258",".376",".345","0.721","3.17",,".260",".444",".323",".347",21.7,45.6
"Jackson, Luke",592426,2025,33,"19","14.2",67,58,15,10,2,0,3,13,9,19.4,13.4,".259",".448",".358","0.806","5.52",,".257",".490",".357",".367",25,44.1
"Gillaspie, Logan",670810,2025,28,"3","7.0",31,26,7,6,0,0,1,4,4,12.9,12.9,".269",".385",".387","0.772","2.57",,".317",".521",".352",".413",18.5,48.2
"Martin, Chris",455119,2025,39,"22","19.2",77,73,15,13,1,0,1,23,3,29.9,3.9,".205",".260",".234","0.494","1.83",,".251",".388",".208",".277",22.4,54.9
"Valdez, Framber",664285,2025,31,"10","63.0",278,249,56,37,12,2,5,64,23,23,8.3,".225",".349",".296","0.645","3.57",,".258",".411",".288",".327",24.9,46.8
"Green, Chad",643338,2025,34,"23","22.1",86,80,19,11,1,0,7,20,5,23.3,5.8,".237",".512",".291","0.803","3.22",,".257",".581",".346",".375",26.2,51
"Muñoz, Roddery",682610,2025,25,"4","4.2",21,19,5,2,2,0,1,6,2,28.6,9.5,".263",".526",".333","0.859","7.71",,".404",".718",".370",".496",33.3,54.5
"Keller, Brad",641745,2025,29,"22","24.1",98,88,18,16,2,0,0,25,8,25.5,8.2,".205",".227",".286","0.513","2.59",,".193",".263",".243",".248",25.4,45.9
"Parker, Mitchell",680730,2025,25,"10","55.1",238,205,47,31,12,2,2,36,25,15.1,10.5,".229",".337",".316","0.653","4.39",,".247",".385",".294",".321",20.4,51.1
"Flexen, Chris",623167,2025,30,"6","10.1",38,35,6,6,0,0,0,6,3,15.8,7.9,".171",".171",".237","0.408","0.00",,".268",".357",".195",".303",16,51.7
"Taillon, Jameson",592791,2025,33,"10","56.2",230,217,50,23,12,1,14,44,12,19.1,5.2,".230",".488",".271","0.759","4.13",,".257",".494",".326",".336",20.2,48.3
"Sears, JP",676664,2025,29,"10","54.0",225,212,52,30,12,0,10,42,10,18.7,4.4,".245",".443",".289","0.732","4.00",,".257",".475",".319",".332",18.3,47.3
"Brebbia, John",605154,2025,35,"13","14.1",68,56,14,8,4,0,2,15,8,22.1,11.8,".250",".429",".368","0.797","5.65",,".194",".354",".354",".309",18.8,43.3
"Bautista, Félix",642585,2025,30,"15","14.2",67,56,10,6,2,0,2,17,11,25.4,16.4,".179",".321",".313","0.634","4.30",,".207",".352",".294",".312",32.2,45.3
"Stewart, Brock",592779,2025,33,"12","9.2",45,39,7,5,0,1,1,17,4,37.8,8.9,".179",".308",".289","0.597","3.72",,".185",".312",".275",".277",36.2,48.7
"Rogers, Tyler",643511,2025,34,"23","22.1",85,82,14,10,2,0,2,20,3,23.5,3.5,".171",".268",".200","0.468","2.01",,".231",".315",".208",".252",22.6,53.8
"Ferguson, Tyler",621053,2025,31,"23","23.0",98,78,16,12,1,1,2,22,14,22.4,14.3,".205",".321",".323","0.644","4.30",,".197",".324",".289",".286",25.4,43.4
"Gilbert, Logan",669302,2025,28,"6","30.1",117,110,18,10,5,0,3,44,6,37.6,5.1,".164",".291",".214","0.505","2.37",,".203",".314",".225",".250",38.3,51.3
"Brasier, Ryan",518489,2025,37,"1","1.0",10,9,3,2,1,0,0,2,1,20,10,".333",".444",".400","0.844","9.00",,".445",".550",".374",".461",22.7,50
"Soroka, Michael",647336,2025,27,"4","19.2",84,79,21,11,6,0,4,23,4,27.4,4.8,".266",".494",".310","0.804","5.95",,".247",".370",".348",".291",22.1,47.5
"Sims, Lucas",608371,2025,31,"18","12.1",72,51,14,8,3,1,2,13,14,18.1,19.4,".275",".490",".486","0.976","13.86",,".256",".447",".438",".418",35.3,36.6
"Webb, Jacob",657097,2025,31,"20","22.1",97,84,18,11,4,0,3,18,10,18.6,10.3,".214",".369",".302","0.671","4.03",,".223",".372",".300",".305",25,48.7
"Díaz, Edwin",621242,2025,31,"20","20.0",85,71,11,7,2,0,2,30,10,35.3,11.8,".155",".268",".282","0.550","2.70",,".161",".255",".259",".261",37.1,43.1
"Vargas, Carlos",672841,2025,25,"21","25.0",108,99,28,23,2,0,3,21,8,19.4,7.4,".283",".394",".333","0.727","3.24",,".241",".379",".319",".291",22,45.8
"García, Luis",472610,2025,38,"24","24.0",106,90,25,16,6,2,1,22,15,20.8,14.2,".278",".422",".381","0.803","4.13",,".287",".449",".344",".356",21.2,47.7
"Schultz, Paxton",687606,2025,27,"2","6.2",32,30,6,3,2,0,1,11,2,34.4,6.3,".200",".367",".250","0.617","4.05",,".232",".455",".271",".316",31.7,47.4
"Dreyer, Jack",676263,2025,26,"20","27.1",112,97,19,13,4,2,0,30,12,26.8,10.7,".196",".278",".277","0.555","3.29",,".181",".254",".248",".240",28.6,49.6
"Vesia, Alex",681911,2025,29,"25","22.1",90,81,18,8,4,0,6,33,8,36.7,8.9,".222",".494",".300","0.794","3.22",,".203",".472",".340",".319",33.7,52.2
"Morton, Charlie",450203,2025,41,"12","41.0",195,165,48,31,7,1,9,40,24,20.5,12.3,".291",".509",".379","0.888","7.68",,".274",".473",".384",".364",25.1,45.2
"Pallante, Andre",669467,2025,26,"10","56.0",237,216,55,35,10,2,8,35,20,14.8,8.4,".255",".431",".316","0.747","4.18",,".289",".458",".327",".350",21.1,46
"Harvey, Hunter",640451,2025,30,"6","5.1",17,17,1,1,0,0,0,7,0,41.2,0,".059",".059",".059","0.118","0.00",,".125",".157",".052",".123",31.4,44.3
"Sisk, Evan",681895,2025,28,"3","3.0",14,11,2,2,0,0,0,7,3,50,21.4,".182",".182",".357","0.539","0.00",,".074",".084",".276",".204",52.4,32.8
"Lively, Ben",594902,2025,33,"9","44.2",178,163,38,24,8,0,6,29,15,16.3,8.4,".233",".393",".298","0.691","3.22",,".256",".471",".306",".339",16.2,47.1
"Senga, Kodai",673540,2025,32,"9","50.1",204,181,38,25,9,3,1,47,22,23,10.8,".210",".309",".299","0.608","1.43",,".226",".337",".277",".293",27.3,46.9
"Snell, Blake",605483,2025,32,"2","9.0",46,37,10,7,3,0,0,4,8,8.7,17.4,".270",".351",".391","0.742","2.00",,".343",".524",".339",".429",24.3,43
"Speier, Gabe",642100,2025,30,"23","20.0",78,73,14,8,4,0,2,28,4,35.9,5.1,".192",".329",".244","0.573","2.25",,".201",".346",".254",".262",38.4,51.1
"McFarland, T.J.",519008,2025,36,"18","10.1",48,44,15,9,4,2,0,4,3,8.3,6.3,".341",".523",".396","0.919","5.23",,".309",".500",".398",".373",16,45.2
"Spiers, Carson",686730,2025,27,"3","13.1",60,50,13,8,2,0,3,11,7,18.3,11.7,".260",".480",".356","0.836","6.08",,".304",".565",".364",".407",22.6,43.3
"Kerkering, Orion",689147,2025,24,"22","18.1",85,71,17,9,6,0,2,17,12,20,14.1,".239",".408",".341","0.749","3.93",,".235",".388",".317",".318",24.6,40.6
"Romero, JoJo",668941,2025,28,"21","16.1",72,56,14,10,3,0,1,12,11,16.7,15.3,".250",".357",".371","0.728","3.86",,".241",".406",".314",".333",22.2,40.1
"Castillo, José",620454,2025,29,"7","9.0",41,36,11,5,3,0,3,6,4,14.6,9.8,".306",".639",".366","1.005","8.00",,".262",".457",".421",".337",14.7,47.6
"Tinoco, Jesus",622786,2025,30,"16","15.0",65,58,15,9,4,1,1,10,7,15.4,10.8,".259",".414",".338","0.752","6.60",,".268",".391",".327",".321",18.7,43
"Treinen, Blake",595014,2025,37,"8","8.0",36,32,8,6,1,0,1,10,3,27.8,8.3,".250",".375",".333","0.708","3.38",,".224",".371",".319",".304",21.2,45.5
"Brogdon, Connor",641401,2025,30,"5","5.2",23,20,6,4,0,0,2,5,2,21.7,8.7,".300",".600",".364","0.964","7.94",,".351",".683",".414",".460",27.7,50.5
"Bigge, Hunter",685801,2025,27,"13","15.0",60,54,11,6,1,0,4,12,5,20,8.3,".204",".444",".283","0.727","2.40",,".285",".553",".318",".387",28,52
"Lucas, Easton",687922,2025,28,"4","17.0",75,66,17,9,3,0,5,19,9,25.3,12,".258",".530",".347","0.877","7.41",,".266",".545",".379",".383",25.2,50.7
"Quintana, Jose",500779,2025,36,"6","34.0",138,126,31,23,3,0,5,24,11,17.4,8,".246",".389",".307","0.696","2.65",,".271",".448",".309",".337",17.5,42.6
"Suarez, José",660761,2025,27,"3","7.1",30,22,3,0,2,0,1,5,7,16.7,23.3,".136",".364",".345","0.709","2.45",,".221",".515",".314",".390",32.7,39.8
"Nikhazy, Doug",680951,2025,25,"1","3.0",20,14,5,2,2,1,0,3,6,15,30,".357",".643",".550","1.193","18.00",,".338",".620",".505",".491",32.5,44.4
"Abreu, Bryan",650556,2025,28,"23","22.2",102,89,17,12,4,0,1,30,13,29.4,12.7,".191",".270",".294","0.564","1.99",,".261",".434",".263",".347",36.6,43.5
"Petty, Chase",695534,2025,22,"2","5.1",36,28,13,7,3,0,3,7,8,19.4,22.2,".464",".893",".583","1.476","21.94",,".344",".643",".606",".479",36.8,42.8
"Ginkel, Kevin",656464,2025,31,"11","9.0",43,36,9,4,3,0,2,13,6,30.2,14,".250",".500",".372","0.872","8.00",,".209",".474",".382",".353",31.6,40.4
"Strider, Spencer",675911,2025,26,"2","9.1",40,35,11,6,3,0,2,8,2,20,5,".314",".571",".400","0.971","5.79",,".305",".528",".422",".399",27.5,46.5
"Giolito, Lucas",608337,2025,30,"4","20.1",115,105,31,24,2,0,5,23,8,20,7,".295",".457",".342","0.799","7.08",,".290",".512",".349",".362",19.5,47.9
"Scott, Tayler",605463,2025,33,"17","16.2",78,62,16,10,4,1,1,16,12,20.5,15.4,".258",".403",".382","0.785","5.40",,".255",".452",".352",".374",29.5,41.5
"Thompson, Ryan",657044,2025,33,"20","19.0",90,82,26,17,5,0,4,18,7,20,7.8,".317",".524",".378","0.902","7.11",,".274",".507",".390",".359",27,48.6
"Hoglund, Gunnar",680684,2025,25,"4","21.1",91,85,24,15,3,0,6,20,6,22,6.6,".282",".529",".330","0.859","5.06",,".288",".566",".371",".381",28.8,43.1
"Fulmer, Michael",605242,2025,32,"1","2.2",13,11,4,1,2,0,1,2,2,15.4,15.4,".364",".818",".462","1.280","10.13",,".365",".837",".530",".530",14.3,44.4
"Vásquez, Randy",681190,2025,26,"10","49.0",215,185,44,33,5,1,5,27,26,12.6,12.1,".238",".357",".340","0.697","3.49",,".272",".492",".316",".376",15.9,43
"Guerrero, Luis",692285,2025,24,"3","4.0",21,18,3,2,1,0,0,4,3,19,14.3,".167",".222",".286","0.508","0.00",,".323",".629",".245",".442",36.6,48.8
"Monteverde, Patrick",687287,2025,27,"1","3.2",20,19,9,7,2,0,0,4,1,20,5,".474",".579",".500","1.079","9.82",,".303",".414",".473",".328",15.6,51.7
"Cosgrove, Tom",676680,2025,29,"2","4.0",16,15,3,3,0,0,0,3,1,18.8,6.3,".200",".200",".250","0.450","2.25",,".161",".183",".210",".186",19.4,56.3
"Stroman, Marcus",573186,2025,34,"3","9.1",47,40,12,5,5,0,2,7,7,14.9,14.9,".300",".575",".404","0.979","11.57",,".305",".541",".421",".409",22.9,41.3
"Smith, Shane",681343,2025,25,"10","53.1",223,198,41,27,10,1,3,49,18,22,8.1,".207",".313",".291","0.604","2.36",,".241",".366",".275",".309",28.7,49
"Kent, Zak",687849,2025,27,"3","5.0",23,20,7,6,1,0,0,6,3,26.1,13,".350",".400",".435","0.835","5.40",,".226",".295",".378",".287",30,37.4
"Minter, A.J.",621345,2025,31,"13","11.0",43,39,6,5,1,0,0,14,4,32.6,9.3,".154",".179",".233","0.412","1.64",,".205",".385",".198",".291",34.2,39.5
"Milner, Hoby",571948,2025,34,"20","21.2",87,81,18,12,5,1,0,18,6,20.7,6.9,".222",".309",".276","0.585","2.49",,".265",".501",".257",".347",16.3,40.5
"Cannon, Jonathan",686563,2025,24,"10","55.0",237,216,55,36,11,2,6,42,17,17.7,7.2,".255",".407",".316","0.723","3.76",,".260",".435",".319",".329",19.2,48.5
"Freeman, Caleb",673965,2025,27,"4","2.1",12,10,4,2,1,0,1,2,1,16.7,8.3,".400",".800",".455","1.255","7.71",,".296",".549",".529",".386",10.7,52.8
"Hernández, Daysbel",678226,2025,28,"21","22.0",85,71,11,8,3,0,0,16,13,18.8,15.3,".155",".197",".294","0.491","1.64",,".205",".299",".238",".291",28.3,43
"Wheeler, Zack",554430,2025,35,"11","70.2",269,253,48,29,10,1,8,88,14,32.7,5.2,".190",".332",".238","0.570","2.42",,".191",".309",".252",".242",29.5,50.8
"Sandlin, Nick",680704,2025,28,"10","8.0",37,31,6,5,1,0,0,10,4,27,10.8,".194",".226",".324","0.550","2.25",,".239",".287",".269",".306",39.2,46.5
"Winn, Cole",668390,2025,25,"2","3.1",13,13,3,3,0,0,0,3,0,23.1,0,".231",".231",".231","0.462","0.00",,".189",".227",".205",".180",13.8,53.7
"Cease, Dylan",656302,2025,29,"10","54.0",227,204,48,29,12,0,7,64,19,28.2,8.4,".235",".397",".302","0.699","4.50",,".237",".408",".307",".309",32.2,49.7
"Kelly, Kevin",687330,2025,27,"5","5.0",19,17,2,1,0,0,1,2,2,10.5,10.5,".118",".294",".211","0.505","3.60",,".415",".935",".229",".579",10.7,41.8
"Estévez, Carlos",608032,2025,32,"21","21.2",93,80,16,12,4,0,0,19,10,20.4,10.8,".200",".250",".304","0.554","2.08",,".255",".401",".248",".323",18.3,48.7
"Santana, Dennis",642701,2025,29,"22","21.1",84,78,17,13,2,2,0,18,3,21.4,3.6,".218",".295",".238","0.533","1.69",,".294",".497",".231",".339",30.1,53
"Civale, Aaron",650644,2025,30,"2","7.0",32,28,8,3,1,0,4,5,3,15.6,9.4,".286",".750",".375","1.125","9.00",,".270",".677",".463",".424",20,42.6
"Weaver, Luke",596133,2025,31,"21","22.2",79,72,6,4,2,0,0,23,6,29.1,7.6,".083",".111",".152","0.263","0.40",,".160",".304",".123",".231",31.3,54.1
"Bowlan, Jonathan",680742,2025,28,"3","5.0",17,16,2,0,1,0,1,3,1,17.6,5.9,".125",".375",".176","0.551","1.80",,".172",".344",".237",".245",25.9,45
"Lauer, Eric",641778,2025,30,"5","16.1",65,59,13,4,6,0,3,16,5,24.6,7.7,".220",".475",".292","0.767","3.31",,".225",".471",".332",".330",25.2,44.7
"Johnson, Pierce",572955,2025,34,"20","18.0",72,65,14,10,3,0,1,19,5,26.4,6.9,".215",".308",".278","0.586","2.50",,".225",".383",".264",".300",27.1,47
"McDaniels, Garrett",680729,2025,25,"10","10.2",50,41,13,9,2,0,2,6,8,12,16,".317",".512",".440","0.952","5.91",,".289",".455",".420",".387",24,39.3
"Núñez, Dedniel",673380,2025,29,"5","3.2",18,12,1,1,0,0,0,3,6,16.7,33.3,".083",".083",".389","0.472","7.36",,".158",".334",".281",".369",24.2,39.3
"Pérez, Martín",527048,2025,34,"4","20.0",83,71,14,9,3,1,1,18,11,21.7,13.3,".197",".310",".313","0.623","3.15",,".293",".537",".288",".401",25,40.3
"Weathers, Ryan",677960,2025,25,"2","10.0",37,36,7,4,1,0,2,9,1,24.3,2.7,".194",".389",".216","0.605","1.80",,".250",".448",".261",".305",25.9,51.9
"Rasmussen, Drew",656876,2025,29,"10","52.0",202,188,40,28,6,0,6,43,12,21.3,5.9,".213",".340",".267","0.607","2.60",,".252",".380",".271",".300",21.3,48.6
"Burke, Sean",680732,2025,25,"11","54.0",241,206,49,28,11,1,9,39,30,16.2,12.4,".238",".432",".346","0.778","4.33",,".269",".523",".345",".386",24.6,44.2
"Saucedo, Tayler",642048,2025,32,"4","3.2",22,19,8,6,1,0,1,3,3,13.6,13.6,".421",".632",".500","1.132","9.82",,".400",".720",".490",".505",28.6,41.7
"King, Bryan",687911,2025,28,"24","22.1",87,79,13,11,1,0,1,24,6,27.6,6.9,".165",".215",".230","0.445","1.61",,".209",".268",".207",".252",26.1,47
"Ryan, Joe",657746,2025,29,"10","57.0",219,205,38,21,9,0,8,67,8,30.6,3.7,".185",".346",".237","0.583","2.68",,".207",".427",".259",".294",28.5,49.6
"Phillips, Tyler",663969,2025,27,"16","25.1",107,99,27,19,4,0,4,15,8,14,7.5,".273",".434",".327","0.761","4.62",,".280",".457",".335",".343",26.5,48.9
"Kershaw, Clayton",477132,2025,37,"2","6.0",26,21,5,2,2,0,1,3,4,11.5,15.4,".238",".476",".346","0.822","7.50",,".305",".560",".353",".428",22.2,41.3
"Richardson, Lyon",680689,2025,25,"10","13.2",58,50,11,9,1,0,1,7,5,12.1,8.6,".220",".300",".310","0.610","1.32",,".261",".391",".266",".327",20.2,41.4
"Burdi, Nick",595897,2025,32,"2","2.1",10,9,4,4,0,0,0,1,1,10,10,".444",".444",".500","0.944","0.00",,".397",".478",".426",".412",20,51.3
"Vodnik, Victor",680767,2025,25,"9","8.0",35,29,7,4,1,0,2,8,6,22.9,17.1,".241",".483",".371","0.854","4.50",,".281",".579",".376",".418",24.6,38.6
"Beeks, Jalen",656222,2025,31,"23","25.0",106,94,18,11,5,0,2,23,10,21.7,9.4,".191",".309",".274","0.583","3.24",,".226",".325",".260",".281",31.6,53.5
"Olson, Reese",681857,2025,25,"9","48.2",201,177,38,28,8,0,2,51,19,25.4,9.5,".215",".294",".305","0.599","2.96",,".235",".367",".275",".306",32.1,43.9
"Blanco, Ronel",669854,2025,31,"9","48.1",199,176,37,21,9,0,7,48,20,24.1,10.1,".210",".381",".288","0.669","4.10",,".204",".357",".296",".282",32,47.6
"Lazar, Max",676661,2025,26,"1","2.0",13,12,3,2,1,0,0,2,1,15.4,7.7,".250",".333",".308","0.641","9.00",,".335",".464",".288",".372",22.2,48.2
"Gibaut, Ian",664139,2025,31,"14","12.2",59,54,16,11,3,0,2,11,4,18.6,6.8,".296",".463",".339","0.802","7.11",,".245",".450",".348",".320",17,49.3
"Morgan, Eli",669212,2025,29,"7","7.1",35,32,12,4,5,0,3,4,3,11.4,8.6,".375",".813",".429","1.242","12.27",,".270",".536",".515",".361",21.7,52.3
"Mey, Luis",682825,2025,24,"12","11.0",45,39,6,4,1,0,1,13,5,28.9,11.1,".154",".256",".267","0.523","3.27",,".209",".316",".247",".287",27.8,43.5
"Sauer, Matt",669422,2025,26,"7","20.2",78,73,16,11,2,0,3,13,3,16.7,3.8,".219",".370",".244","0.614","3.05",,".253",".407",".265",".291",17,50.5
"Cameron, Noah",702070,2025,25,"3","19.1",71,65,7,4,1,0,2,14,6,19.7,8.5,".108",".215",".183","0.398","0.93",,".210",".360",".185",".281",27,47.5
"Shugart, Chase",663767,2025,28,"19","21.2",92,80,17,10,5,0,2,14,11,15.2,12,".212",".350",".304","0.654","3.74",,".243",".380",".285",".310",23.6,42.5
"Alvarado, Elvis",665660,2025,26,"2","2.2",16,12,4,1,2,0,1,4,2,25,12.5,".333",".750",".500","1.250","10.13",,".221",".422",".521",".380",29.6,45
"Cruz, Fernando",518585,2025,35,"21","23.2",93,82,15,10,3,0,2,35,8,37.6,8.6,".183",".293",".269","0.562","2.66",,".190",".311",".257",".264",47.5,43.3
"Fried, Max",608331,2025,31,"10","62.2",277,256,49,36,8,2,3,67,16,24.2,5.8,".191",".273",".250","0.523","1.29",,".242",".388",".238",".301",22.8,47.3
"Orze, Eric",679358,2025,27,"14","18.1",76,68,17,15,2,0,0,11,7,14.5,9.2,".250",".279",".329","0.608","0.98",,".256",".392",".283",".322",19.6,49.1
"Boushley, Caleb",676961,2025,31,"8","15.0",74,69,20,13,3,0,4,17,4,23,5.4,".290",".507",".338","0.845","4.80",,".301",".502",".367",".365",22,42.8
"Gonsolin, Tony",664062,2025,31,"4","20.0",108,94,24,17,3,0,4,28,12,25.9,11.1,".255",".415",".346","0.761","4.05",,".246",".473",".339",".352",31.4,43.2
"Armstrong, Shawn",542888,2025,34,"19","19.2",85,70,14,9,2,1,2,21,11,24.7,12.9,".200",".343",".318","0.661","4.58",,".244",".387",".299",".331",22,41.7
"Stratton, Chris",608717,2025,34,"12","17.0",87,77,29,21,4,2,2,16,8,18.4,9.2,".377",".558",".425","0.983","7.94",,".279",".460",".422",".351",27.5,46.2
"Lynch IV, Daniel",663738,2025,28,"21","22.2",96,81,17,14,2,0,1,12,12,12.5,12.5,".210",".272",".326","0.598","1.19",,".252",".376",".278",".330",21.9,44.8
"Hendriks, Liam",521230,2025,36,"11","11.1",51,44,10,9,0,0,1,11,6,21.6,11.8,".227",".295",".333","0.628","5.56",,".248",".505",".294",".368",27.8,45.5
"Nicolas, Kyle",693312,2025,26,"7","7.2",42,34,10,5,3,0,2,6,8,14.3,19,".294",".559",".429","0.988","10.57",,".264",".471",".428",".384",28.9,44.4
"Brieske, Beau",689225,2025,27,"16","17.0",77,69,18,11,3,0,4,12,7,15.6,9.1,".261",".478",".325","0.803","5.29",,".221",".386",".348",".306",21.3,43.9
"Carrasco, Carlos",471911,2025,38,"8","32.0",142,131,39,23,9,0,7,25,10,17.6,7,".298",".527",".345","0.872","5.91",,".290",".470",".376",".354",22.6,46.5
"Mlodzinski, Carmen",669387,2025,26,"9","39.2",180,167,52,34,12,1,5,28,12,15.6,6.7,".311",".485",".361","0.846","5.67",,".313",".488",".370",".367",20.2,45.5
"Estrada, Jeremiah",669093,2025,26,"24","22.0",89,80,17,10,3,1,3,33,6,37.1,6.7,".212",".388",".273","0.661","2.86",,".207",".362",".284",".270",33.3,57.2
"Sale, Chris",519242,2025,36,"11","61.2",262,238,63,43,9,4,7,78,16,29.8,6.1,".265",".424",".323","0.747","3.36",,".236",".387",".328",".300",32.5,49.8
"Veneziano, Anthony",685107,2025,27,"20","16.2",78,67,18,9,3,2,4,15,8,19.2,10.3,".269",".552",".346","0.898","4.86",,".298",".555",".380",".392",22.3,47.7
"Wilson, Justin",458677,2025,37,"21","16.1",73,62,16,13,3,0,0,19,9,26,12.3,".258",".306",".347","0.653","2.76",,".232",".312",".289",".277",30.8,50
"Clevinger, Mike",605182,2025,34,"8","5.2",31,22,5,4,1,0,0,3,8,9.7,25.8,".227",".273",".419","0.692","7.94",,".196",".249",".335",".342",24,43.9
"Zastryzny, Rob",642239,2025,33,"4","4.1",18,17,4,4,0,0,0,6,1,33.3,5.6,".235",".235",".278","0.513","0.00",,".215",".261",".236",".234",30.8,52
"Merryweather, Julian",657240,2025,33,"21","18.2",88,76,23,15,5,1,2,15,11,17,12.5,".303",".474",".386","0.860","5.79",,".328",".506",".369",".402",19.2,44.2
"Pfaadt, Brandon",694297,2025,26,"10","56.2",238,220,56,34,11,0,11,44,14,18.5,5.9,".255",".455",".311","0.766","3.81",,".315",".561",".333",".395",21.7,48.5
"Gillispie, Connor",687362,2025,27,"6","26.0",123,109,32,15,11,0,6,23,11,18.7,8.9,".294",".560",".358","0.918","8.65",,".272",".505",".391",".365",21.4,45.6
"García, Yimi",554340,2025,34,"21","20.0",83,71,11,9,1,0,1,24,10,28.9,12,".155",".211",".268","0.479","3.15",,".246",".399",".226",".327",29.5,45.8
"Newcomb, Sean",656794,2025,32,"11","40.0",190,168,55,45,7,0,3,41,17,21.6,8.9,".327",".423",".394","0.817","3.83",,".279",".428",".364",".345",20.2,45.9
"Contreras, Luis",664351,2025,29,"7","9.0",43,37,11,6,3,0,2,10,6,23.3,14,".297",".541",".395","0.936","9.00",,".231",".391",".406",".324",26.7,43.6
"Kranick, Max",668820,2025,27,"20","30.1",123,117,28,21,4,0,3,21,5,17.1,4.1,".239",".350",".268","0.618","3.56",,".273",".429",".272",".326",21.2,55.7
"Jobe, Jackson",695549,2025,22,"9","44.1",195,166,39,26,6,1,6,35,24,17.9,12.3,".235",".392",".335","0.727","4.06",,".245",".444",".324",".343",24.7,44.5
"Harrison, Kyle",690986,2025,23,"4","5.1",38,35,7,3,2,0,2,11,3,28.9,7.9,".200",".429",".263","0.692","3.38",,".280",".503",".290",".351",32.4,53
"Birdsong, Hayden",806185,2025,23,"12","28.1",120,105,25,15,4,2,4,29,10,24.2,8.3,".238",".429",".311","0.740","1.91",,".231",".411",".322",".316",31.2,46.1
"Banda, Anthony",607455,2025,31,"23","23.2",102,89,21,14,2,0,5,18,12,17.6,11.8,".236",".427",".333","0.760","4.18",,".251",".484",".331",".353",26.7,47.8
"Mantiply, Joe",573009,2025,34,"10","9.2",58,54,26,17,4,0,5,8,3,13.8,5.2,".481",".833",".517","1.350","15.83",,".301",".543",".574",".375",20.9,47.4
"Sasaki, Roki",808963,2025,23,"8","34.1",154,129,29,18,4,1,6,24,22,15.6,14.3,".225",".411",".351","0.762","4.72",,".266",".513",".342",".390",20.4,42.8
"Ragans, Cole",666142,2025,27,"9","45.2",191,174,42,25,12,1,4,72,13,37.7,6.8,".241",".391",".295","0.686","4.53",,".190",".315",".301",".248",32.9,48.9
"Rogers, Taylor",573124,2025,34,"22","19.0",77,66,15,10,3,1,1,17,7,22.1,9.1,".227",".348",".289","0.637","1.42",,".227",".384",".274",".290",23.7,42.9
"McGough, Scott",543518,2025,35,"4","5.0",17,16,1,1,0,0,0,3,1,17.6,5.9,".063",".063",".118","0.181","0.00",,".282",".824",".093",".470",16.1,47.7
"Leahy, Kyle",681517,2025,28,"22","29.0",110,101,17,12,3,0,2,22,7,20,6.4,".168",".257",".227","0.484","1.24",,".273",".453",".220",".335",23.9,48.5
"Ribalta, Orlando",687377,2025,27,"4","7.2",33,29,5,3,0,0,2,6,4,18.2,12.1,".172",".379",".273","0.652","5.87",,".254",".482",".291",".358",26.1,48.6
"Gómez, Yoendrys",672782,2025,25,"12","17.2",86,71,20,15,2,0,3,13,13,15.1,15.1,".282",".437",".395","0.832","6.62",,".299",".593",".371",".427",22.1,41.2
"Márquez, Germán",608566,2025,30,"10","47.0",219,195,61,38,17,2,4,26,18,11.9,8.2,".313",".482",".382","0.864","7.66",,".283",".422",".379",".342",18.7,48.4
"Dana, Caden",702674,2025,21,"1","3.0",29,23,7,4,1,0,2,6,5,20.7,17.2,".304",".609",".414","1.023","6.00",,".224",".394",".429",".336",35.4,40.3
"Scherzer, Max",453286,2025,40,"1","3.0",11,11,3,1,0,0,2,1,0,9.1,0,".273",".818",".273","1.091","6.00",,".318",".895",".458",".499",15.8,42.2
"Brash, Matt",666374,2025,27,"6","5.2",23,19,3,3,0,0,0,6,3,26.1,13,".158",".158",".304","0.462","0.00",,".185",".217",".238",".270",23.7,38
"Zerpa, Angel",672582,2025,25,"19","18.1",88,82,27,17,6,0,4,14,5,15.9,5.7,".329",".549",".375","0.924","5.89",,".306",".495",".400",".367",10.6,44.6
"Sugano, Tomoyuki",608372,2025,35,"10","58.2",232,220,50,31,8,1,10,32,10,13.8,4.3,".227",".409",".267","0.676","3.07",,".270",".482",".295",".338",18.2,47.8
"Warren, Will",701542,2025,26,"10","46.2",202,180,42,27,10,1,4,60,18,29.7,8.9,".233",".367",".303","0.670","4.05",,".248",".396",".298",".312",27.8,39.3
"Megill, Trevor",656730,2025,31,"20","16.1",68,57,11,7,3,0,1,18,8,26.5,11.8,".193",".298",".279","0.577","2.20",,".283",".524",".253",".373",29.6,47.7
"Otañez, Michel",671305,2025,27,"4","3.2",23,17,5,2,1,1,1,5,5,21.7,21.7,".294",".647",".478","1.125","12.27",,".255",".480",".475",".413",41.2,34.7
"Pagán, Emilio",641941,2025,34,"23","23.0",93,87,15,5,5,0,5,28,6,30.1,6.5,".172",".402",".226","0.628","3.52",,".206",".438",".272",".297",29.4,54.4
"Kirby, George",669923,2025,27,"1","3.2",19,15,6,5,0,1,0,4,1,21.1,5.3,".400",".533",".474","1.007","12.27",,".365",".441",".432",".391",22.2,50
"Kremer, Dean",665152,2025,29,"10","55.2",242,224,62,37,13,2,10,40,15,16.5,6.2,".277",".487",".322","0.809","5.50",,".273",".479",".349",".344",18.1,48.8
"Poteet, Cody",547001,2025,30,"1","2.2",16,14,6,3,2,1,0,1,2,6.3,12.5,".429",".714",".500","1.214","16.88",,".261",".508",".513",".372",20.7,42.6
"Mears, Nick",683232,2025,28,"22","20.2",72,67,10,7,2,0,1,15,3,20.8,4.2,".149",".224",".181","0.405","1.74",,".261",".409",".180",".307",22.5,58.6
"Thompson, Zach",605507,2025,31,"2","3.2",12,11,0,0,0,0,0,3,1,25,8.3,".000",".000",".083","0.083","0.00",,".129",".148",".058",".170",17.9,46.7
"Hanifee, Brenan",669724,2025,27,"21","24.0",112,104,29,17,10,1,1,17,6,15.2,5.4,".279",".423",".321","0.744","2.25",,".271",".429",".322",".318",16.9,43.3
"Doval, Camilo",666808,2025,27,"25","23.1",86,76,9,8,1,0,0,20,8,23.3,9.3,".118",".132",".212","0.344","1.16",,".194",".262",".166",".244",28.9,47.5
"Perdomo, Angel",622780,2025,31,"4","3.1",16,12,2,2,0,0,0,2,3,12.5,18.8,".167",".167",".375","0.542","5.40",,".288",".450",".287",".413",18.8,44.4
"Peralta, Luis",678821,2025,24,"9","8.1",44,34,10,7,2,0,1,5,8,11.4,18.2,".294",".441",".432","0.873","7.56",,".302",".473",".389",".416",20.9,44.8
"Yoho, Craig",684974,2025,25,"5","5.2",28,20,7,5,1,0,1,4,6,14.3,21.4,".350",".550",".500","1.050","9.53",,".257",".366",".453",".367",21.2,40.3
"Suárez, Ranger",624133,2025,29,"4","24.1",100,93,22,17,3,1,1,23,7,23,7,".237",".323",".290","0.613","3.70",,".219",".295",".275",".255",23.4,51
"Mikolas, Miles",571945,2025,36,"10","51.1",213,193,44,31,8,2,3,31,16,14.6,7.5,".228",".337",".292","0.629","3.51",,".258",".466",".282",".339",14.8,45.2
"Jansen, Kenley",445276,2025,37,"18","16.1",71,66,18,11,2,1,4,16,5,22.5,7,".273",".515",".324","0.839","4.96",,".264",".543",".362",".364",25.9,53.4
"Headrick, Brent",687396,2025,27,"5","6.1",22,20,1,1,0,0,0,10,2,45.5,9.1,".050",".050",".136","0.186","0.00",,".101",".160",".104",".164",33.3,55.4
"Bender, Anthony",669622,2025,30,"20","20.0",81,70,12,10,1,1,0,16,9,19.8,11.1,".171",".214",".284","0.498","1.80",,".226",".357",".241",".310",16.4,41.3
"Agnos, Zach",688642,2025,24,"12","14.0",54,52,11,7,3,0,1,7,2,13,3.7,".212",".327",".241","0.568","1.29",,".267",".382",".250",".296",31.2,53.7
"Ray, Robbie",592662,2025,33,"10","57.1",235,205,43,30,8,0,5,62,27,26.4,11.5,".210",".322",".299","0.621","2.67",,".212",".351",".282",".294",28.3,49.2
"Morillo, Juan",666661,2025,26,"13","12.1",52,47,12,8,2,0,2,14,4,26.9,7.7,".255",".426",".327","0.753","4.38",,".193",".321",".333",".265",25,52.3
"Yates, Kirby",489446,2025,38,"22","18.2",80,73,18,4,11,0,3,31,6,38.8,7.5,".247",".521",".313","0.834","4.34",,".207",".362",".358",".282",38.1,52.1
"Ortiz, Luis",682847,2025,26,"9","48.1",233,204,48,31,9,1,7,59,28,25.3,12,".235",".392",".326","0.718","4.66",,".262",".492",".320",".363",30.9,46.9
"Gray, Sonny",543243,2025,35,"10","56.0",227,209,50,33,8,0,9,61,13,26.9,5.7,".239",".407",".289","0.696","4.02",,".262",".456",".305",".331",25.8,47.5
"Fedde, Erick",607200,2025,32,"10","57.1",236,209,48,31,12,0,5,34,25,14.4,10.6,".230",".359",".314","0.673","3.77",,".282",".474",".302",".363",17.9,44.7
"Lee, Dylan",669276,2025,30,"23","21.0",82,73,16,9,3,0,4,20,7,24.4,8.5,".219",".425",".284","0.709","2.57",,".220",".392",".304",".298",29.3,50.2
"Funderburk, Kody",681892,2025,28,"5","7.1",31,28,7,5,1,0,1,6,1,19.4,3.2,".250",".393",".290","0.683","4.91",,".268",".403",".297",".306",12.5,47.9
"Bradley, Taj",671737,2025,24,"10","56.2",236,207,50,33,9,0,8,48,24,20.3,10.2,".242",".401",".326","0.727","4.61",,".231",".370",".323",".306",22.8,47.1
"Blubaugh, AJ",805123,2025,24,"1","4.0",19,17,5,3,0,0,2,6,1,31.6,5.3,".294",".647",".316","0.963","4.50",,".237",".545",".395",".327",33.3,57.1
"Holderman, Colin",670059,2025,29,"14","15.0",74,58,20,13,4,0,3,11,11,14.9,14.9,".345",".569",".452","1.021","9.00",,".314",".506",".438",".417",26.5,47.3
"Rodriguez, Elvin",660730,2025,27,"6","18.2",84,76,23,11,5,0,7,17,7,20.2,8.3,".303",".645",".369","1.014","8.68",,".296",".621",".431",".415",21.9,43.2
"Chapman, Aroldis",547973,2025,37,"21","19.0",79,72,12,9,1,0,2,27,7,34.2,8.9,".167",".264",".241","0.505","1.89",,".190",".344",".232",".267",36.4,56.1
"VanWey, Logan",701121,2025,26,"7","8.2",43,39,15,12,1,0,2,5,3,11.6,7,".385",".564",".442","1.006","6.23",,".326",".454",".440",".369",12.9,43.8
"Palencia, Daniel",694037,2025,25,"15","16.2",65,58,8,4,2,1,1,16,7,24.6,10.8,".138",".259",".231","0.490","2.16",,".254",".388",".225",".320",23.4,46.1
"Toussaint, Touki",657053,2025,29,"1","2.0",11,10,4,3,1,0,0,3,1,27.3,9.1,".400",".500",".455","0.955","9.00",,".274",".356",".421",".311",35.3,45.9
"Falter, Bailey",663559,2025,28,"10","54.0",214,191,43,27,9,1,6,39,18,18.2,8.4,".225",".377",".291","0.668","3.50",,".233",".392",".295",".301",18.8,44.9
"Bowman, Matt",621199,2025,34,"16","17.1",79,75,22,13,6,0,3,12,3,15.2,3.8,".293",".493",".329","0.822","5.19",,".285",".463",".357",".338",18.5,48.4
"Vest, Will",676684,2025,30,"21","22.2",95,86,15,12,1,1,1,26,9,27.4,9.5,".174",".244",".253","0.497","1.59",,".202",".325",".225",".265",26.6,47.1
"Allard, Kolby",663465,2025,27,"7","18.0",69,63,15,12,3,0,0,7,3,10.1,4.3,".238",".286",".265","0.551","1.50",,".251",".414",".237",".292",17.2,52.6
"Mederos, Victor",682989,2025,24,"1","3.0",13,10,2,0,1,1,0,2,3,15.4,23.1,".200",".500",".385","0.885","6.00",,".133",".216",".382",".273",22.7,39.3
"Sands, Cole",663485,2025,27,"22","21.2",83,73,14,10,2,0,2,16,6,19.3,7.2,".192",".301",".256","0.557","2.49",,".252",".452",".250",".343",22.6,51.1
"Webb, Logan",657277,2025,28,"11","67.1",275,256,65,50,11,1,3,74,16,26.9,5.8,".254",".340",".296","0.636","2.67",,".250",".354",".283",".285",25.4,45.6
"Crochet, Garrett",676979,2025,26,"11","68.1",272,249,51,40,6,0,5,78,22,28.7,8.1,".205",".289",".268","0.557","1.98",,".231",".375",".253",".297",28.9,51.1
"Bergert, Ryan",686701,2025,25,"4","4.0",14,13,1,1,0,0,0,2,0,14.3,0,".077",".077",".143","0.220","0.00",,".186",".419",".116",".288",16,49
"Banks, Tanner",621383,2025,33,"22","23.0",90,83,16,9,3,1,3,28,5,31.1,5.6,".193",".361",".239","0.600","3.91",,".227",".395",".263",".289",27.3,51.2
"Cabrera, Génesis",650893,2025,28,"6","7.2",32,29,7,5,1,0,1,7,3,21.9,9.4,".241",".379",".313","0.692","3.52",,".262",".459",".309",".343",26.8,48.7
"Slaten, Justin",686580,2025,27,"21","20.2",82,76,13,10,2,0,1,15,6,18.3,7.3,".171",".237",".232","0.469","3.92",,".225",".358",".204",".272",27.4,52.9
"Clarke, Taylor",664199,2025,32,"6","7.1",25,25,3,3,0,0,0,4,0,16,0,".120",".120",".120","0.240","0.00",,".236",".419",".107",".278",19.6,46.8
"Kelly, Zack",677161,2025,30,"7","10.0",45,41,12,8,3,0,1,11,2,24.4,4.4,".293",".439",".356","0.795","9.00",,".262",".435",".352",".334",25,48.8
"Ferrer, Jose A.",678606,2025,25,"26","26.1",121,106,32,26,4,1,1,25,8,20.7,6.6,".302",".387",".373","0.760","6.15",,".249",".345",".342",".302",23.5,47.9
"Junis, Jakob",596001,2025,32,"21","22.1",99,92,29,23,2,1,3,15,5,15.2,5.1,".315",".457",".354","0.811","4.84",,".337",".551",".354",".396",20,44.4
"Wentz, Joey",666214,2025,27,"18","22.1",101,88,22,14,5,1,2,18,11,17.8,10.9,".250",".398",".337","0.735","4.43",,".269",".413",".319",".336",22.3,50.1
"Maeda, Kenta",628317,2025,37,"7","8.0",43,33,9,5,3,0,1,8,6,18.6,14,".273",".455",".429","0.884","7.88",,".262",".400",".397",".373",28.2,45.6
"Allen, Logan",671106,2025,26,"9","44.1",197,169,47,35,9,0,3,34,21,17.3,10.7,".278",".385",".354","0.739","3.86",,".250",".426",".329",".337",18.1,41.6
"Herrin, Tim",682120,2025,28,"22","17.0",81,65,14,9,2,0,3,20,12,24.7,14.8,".215",".385",".370","0.755","4.24",,".217",".378",".346",".342",29.1,40.9
"Henderson, Logan",701656,2025,23,"3","16.0",59,55,9,7,0,0,2,23,4,39,6.8,".164",".273",".220","0.493","1.69",,".207",".344",".223",".266",30.7,57.1
"Edwards Jr., Carl",605218,2025,33,"2","3.0",13,11,4,3,0,0,1,2,1,15.4,7.7,".364",".636",".385","1.021","9.00",,".255",".486",".418",".331",30,42.6
"Pivetta, Nick",601713,2025,32,"10","56.1",223,203,39,26,6,1,6,63,18,28.3,8.1,".192",".320",".260","0.580","2.72",,".233",".440",".260",".319",27.1,47.9
"Pressly, Ryan",519151,2025,36,"20","18.1",83,72,22,16,5,0,1,10,9,12,10.8,".306",".417",".390","0.807","5.40",,".292",".424",".361",".355",19.6,46.3
"Walker, Josh",677020,2025,30,"3","5.0",25,22,8,5,3,0,0,8,2,32,8,".364",".500",".440","0.940","7.20",,".240",".377",".415",".316",35.7,45.7
"Fermin, José",820862,2025,23,"9","7.2",39,33,9,7,0,0,2,12,5,30.8,12.8,".273",".455",".385","0.840","5.87",,".209",".413",".374",".329",31.6,44.7
"Hoffman, Jeff",656546,2025,32,"22","22.1",92,85,20,10,5,0,5,34,6,37,6.5,".235",".471",".283","0.754","6.04",,".214",".382",".320",".278",32.3,52.8
"Koenig, Jared",657649,2025,31,"25","21.2",90,79,18,13,3,1,1,21,8,23.3,8.9,".228",".329",".303","0.632","3.74",,".188",".290",".285",".253",21.9,43.3
"Gilbert, Tyler",656457,2025,31,"13","13.0",52,45,8,6,0,0,2,16,7,30.8,13.5,".178",".311",".288","0.599","4.85",,".206",".383",".276",".310",29.8,45.8
"Long, Sam",669674,2025,29,"7","7.0",37,32,12,7,3,0,2,6,5,16.2,13.5,".375",".656",".459","1.115","12.86",,".257",".501",".471",".361",20.3,43.4
"Bivens, Spencer",702352,2025,31,"15","25.1",104,92,21,13,3,3,2,16,8,15.4,7.7,".228",".391",".301","0.692","3.55",,".234",".414",".304",".314",18.5,48
"Chavez, Jesse",445926,2025,41,"2","3.0",16,13,4,1,2,0,1,3,3,18.8,18.8,".308",".692",".438","1.130","6.00",,".242",".517",".474",".389",16.7,34.8
"Keller, Mitch",656605,2025,29,"10","58.0",273,252,66,46,15,1,4,55,17,20.1,6.2,".262",".377",".319","0.696","3.88",,".278",".421",".310",".330",19.3,47.6
"Verlander, Justin",434378,2025,42,"10","52.0",225,202,52,30,14,0,8,41,21,18.2,9.3,".257",".446",".329","0.775","4.33",,".275",".494",".339",".361",26,49.2
"Ort, Kaleb",672391,2025,33,"12","12.0",44,39,6,4,1,0,1,9,3,20.5,6.8,".154",".256",".209","0.465","2.25",,".166",".284",".209",".223",29.6,46.8
"Houck, Tanner",656557,2025,29,"9","43.2",203,179,57,39,8,0,10,32,17,15.8,8.4,".318",".531",".389","0.920","8.04",,".301",".496",".399",".381",21.6,44.5
"Sterner, Justin",686993,2025,28,"24","25.0",105,86,15,12,1,0,2,29,13,27.6,12.4,".174",".256",".305","0.561","1.80",,".169",".274",".267",".270",30.4,45
"Hill, Tim",657612,2025,35,"23","22.2",91,85,18,11,4,0,3,13,6,14.3,6.6,".212",".365",".264","0.629","3.57",,".254",".391",".278",".305",15.9,54.7
"Payamps, Joel",606303,2025,31,"23","18.1",84,75,25,12,6,4,3,16,6,19,7.1,".333",".640",".369","1.009","8.35",,".316",".640",".415",".431",21.6,43.8
"Bolton, Cody",675989,2025,27,"1","2.0",10,10,4,3,1,0,0,1,0,10,0,".400",".500",".400","0.900","13.50",,".377",".539",".394",".392",10,50
"Varland, Louis",686973,2025,27,"26","23.0",93,83,18,11,4,0,3,26,6,28,6.5,".217",".373",".275","0.648","2.74",,".229",".394",".286",".295",26.5,54.1
"Leiter Jr., Mark",643410,2025,34,"23","20.2",84,78,18,12,5,0,1,30,5,35.7,6,".231",".333",".286","0.619","2.61",,".222",".355",".277",".279",34,45.2
"Roupp, Landen",694738,2025,26,"10","52.0",227,206,55,37,12,0,6,49,18,21.6,7.9,".267",".413",".323","0.736","3.63",,".251",".395",".324",".310",26.2,43.9
"Lawrence, Justin",664875,2025,30,"11","11.1",44,36,5,2,3,0,0,15,6,34.1,13.6,".139",".222",".295","0.517","0.79",,".171",".331",".245",".292",37.3,39
"Hendricks, Kyle",543294,2025,35,"9","47.1",198,178,44,26,9,0,9,28,16,14.1,8.1,".247",".449",".318","0.767","5.32",,".265",".474",".336",".351",15,44.8
"Alexander, Tyler",641302,2025,30,"18","33.2",152,136,36,28,5,1,2,28,12,18.4,7.9,".265",".360",".327","0.687","5.08",,".279",".459",".307",".347",18.2,48.9
"Bibee, Tanner",676440,2025,26,"10","58.0",238,217,52,30,10,1,11,43,18,18.1,7.6,".240",".447",".303","0.750","3.57",,".243",".432",".327",".320",21.4,44.9
"Williams, Devin",642207,2025,30,"21","18.0",81,66,15,10,5,0,0,23,11,28.4,13.6,".227",".303",".350","0.653","6.50",,".232",".325",".304",".333",32.7,45.5
"Harris, Hogan",663687,2025,28,"11","14.1",65,56,13,8,4,0,1,16,8,24.6,12.3,".232",".357",".323","0.680","3.77",,".265",".414",".299",".335",23.6,44.4
"Clase, Emmanuel",661403,2025,27,"22","21.0",99,89,28,20,6,1,1,23,5,23.2,5.1,".315",".438",".354","0.792","4.29",,".238",".353",".344",".282",34.5,59.1
"Hancock, Emerson",676106,2025,26,"8","39.1",178,163,53,36,9,0,8,28,12,15.7,6.7,".325",".528",".376","0.904","5.95",,".317",".507",".392",".377",20.6,48.4
"Anderson, Tyler",542881,2025,35,"10","55.0",235,207,45,25,9,1,10,43,23,18.3,9.8,".217",".415",".298","0.713","3.60",,".233",".428",".308",".319",24.4,49.4
"Ginn, J.T.",669372,2025,26,"4","17.2",81,73,21,13,2,0,6,22,6,27.2,7.4,".288",".562",".358","0.920","5.60",,".281",".526",".397",".377",22.6,40.9
"Joyce, Ben",690829,2025,24,"5","4.1",21,19,5,2,1,1,1,1,2,4.8,9.5,".263",".579",".333","0.912","6.23",,".294",".605",".387",".408",22.5,57.1
"Berríos, José",621244,2025,31,"10","58.0",272,241,61,38,12,1,10,56,26,20.6,9.6,".253",".436",".332","0.768","4.19",,".268",".493",".337",".363",23.8,46
"Gallen, Zac",668678,2025,29,"11","61.2",267,234,55,32,10,3,10,63,29,23.6,10.9,".235",".432",".323","0.755","5.25",,".240",".433",".331",".332",26.4,42.5
"López, Jorge",605347,2025,32,"24","23.0",100,90,23,18,2,2,1,16,5,16,5,".256",".356",".310","0.666","6.26",,".310",".490",".295",".364",16.9,50.4
"Akin, Keegan",669211,2025,30,"22","23.0",101,88,18,9,6,0,3,27,12,26.7,11.9,".205",".375",".307","0.682","3.13",,".215",".402",".306",".317",22.7,48.6
"Rutledge, Jackson",671131,2025,26,"16","21.1",96,78,19,15,3,0,1,23,12,24,12.5,".244",".321",".358","0.679","2.95",,".236",".340",".313",".319",29.7,46.4
"Thomas, Connor",671162,2025,27,"2","5.1",31,26,12,7,2,0,3,5,2,16.1,6.5,".462",".885",".484","1.369","20.25",,".361",".684",".552",".476",11.8,42.9
"Povich, Cade",700249,2025,25,"9","46.1",202,184,50,34,7,1,8,44,17,21.8,8.4,".272",".451",".332","0.783","4.86",,".293",".552",".341",".384",22.8,43.5
"Borucki, Ryan",621366,2025,31,"21","19.2",75,66,13,9,4,0,0,16,7,21.3,9.3,".197",".258",".284","0.542","3.20",,".221",".330",".246",".282",31.7,46.8
"Hodge, Porter",687863,2025,24,"21","19.1",84,73,18,12,2,2,2,19,11,22.6,13.1,".247",".411",".345","0.756","5.12",,".236",".373",".336",".317",26.3,48.5
"Abbott, Andrew",671096,2025,26,"7","35.0",165,147,30,20,6,0,4,45,17,27.3,10.3,".204",".327",".291","0.618","1.80",,".220",".400",".280",".311",25.2,47.3
"Whitley, Forrest",666215,2025,27,"2","2.2",14,10,1,0,0,0,1,3,4,21.4,28.6,".100",".400",".357","0.757","10.13",,".249",".585",".347",".443",22.2,41.5
"Zeferjahn, Ryan",666171,2025,27,"21","18.0",78,68,17,12,2,0,3,26,9,33.3,11.5,".250",".412",".346","0.758","4.50",,".233",".406",".339",".325",35.7,46.2
"Leclerc, José",600917,2025,31,"10","9.0",46,41,13,7,2,1,3,8,5,17.4,10.9,".317",".634",".391","1.025","6.00",,".300",".566",".436",".402",30.9,48
"Nola, Aaron",605400,2025,32,"9","49.2",220,200,59,39,9,0,11,52,16,23.6,7.3,".295",".505",".356","0.861","6.16",,".284",".479",".376",".357",25,47.3
"Whitlock, Garrett",676477,2025,29,"18","26.1",112,99,23,17,4,0,2,33,10,29.5,8.9,".232",".333",".313","0.646","3.76",,".228",".390",".293",".307",34.9,48.3
"Schmidt, Clarke",657376,2025,29,"7","37.1",157,135,31,19,6,1,5,38,19,24.2,12.1,".230",".400",".321","0.721","4.58",,".221",".367",".319",".301",29.9,46
"Suter, Brent",608718,2025,35,"17","27.1",110,102,22,15,4,0,3,16,5,14.5,4.5,".216",".343",".257","0.600","2.63",,".259",".420",".265",".312",18.2,47.9
"Hamilton, Ian",641656,2025,30,"14","14.2",68,57,10,7,0,1,2,23,11,33.8,16.2,".175",".316",".309","0.625","6.14",,".216",".367",".289",".320",32.6,48.9
"Pomeranz, Drew",519141,2025,36,"12","11.1",42,37,4,3,1,0,0,12,3,28.6,7.1,".108",".135",".214","0.349","0.00",,".223",".476",".178",".343",20.8,47.4
"De los Santos, Yerry",660787,2025,27,"7","9.2",44,39,10,9,1,0,0,6,5,13.6,11.4,".256",".282",".341","0.623","1.86",,".286",".404",".290",".343",18.6,45.8
"Nelson, Ryne",669194,2025,27,"11","31.1",130,118,25,15,5,2,3,30,11,23.1,8.5,".212",".364",".285","0.649","4.60",,".282",".417",".288",".336",21.4,44.9
"Taylor, Troy",700187,2025,23,"8","6.2",37,30,14,11,1,0,2,2,3,5.4,8.1,".467",".700",".500","1.200","12.15",,".424",".710",".501",".481",15.6,47.1
"Wesneski, Hayden",669713,2025,27,"6","32.0",131,121,29,14,8,0,7,29,6,22.1,4.6,".240",".479",".279","0.758","4.50",,".259",".481",".326",".335",23.2,47.4
"Cruz, Steven",674444,2025,26,"17","16.1",65,58,9,6,2,0,1,11,6,16.9,9.2,".155",".241",".246","0.487","1.65",,".219",".307",".228",".278",22.2,52.9
"Hollowell, Gavin",668970,2025,27,"5","6.1",26,24,6,5,0,0,1,5,2,19.2,7.7,".250",".375",".308","0.683","1.42",,".252",".453",".304",".329",19.6,51.9
"Dobnak, Randy",677976,2025,30,"1","5.1",19,17,2,1,0,0,1,1,2,5.3,10.5,".118",".294",".211","0.505","1.69",,".302",".534",".229",".390",16.1,39.2
"Harrington III, Thomas",802419,2025,23,"2","8.0",39,33,11,7,1,0,3,7,5,17.9,12.8,".333",".636",".410","1.046","10.13",,".272",".503",".441",".368",25.4,47.3
"Díaz, Alexis",664747,2025,28,"6","6.0",33,26,8,2,2,0,4,3,5,9.1,15.2,".308",".846",".455","1.301","12.00",,".335",".725",".532",".501",16.1,47.3
"O'Brien, Riley",676617,2025,30,"3","2.2",13,10,3,2,0,0,1,2,2,15.4,15.4,".300",".600",".462","1.062","10.13",,".347",".522",".459",".450",28.6,43.8
"Guenther, Sean",674944,2025,29,"9","10.1",43,38,10,8,2,0,0,8,5,18.6,11.6,".263",".316",".349","0.665","5.23",,".300",".474",".305",".373",18.8,41.6
"Hudson, Bryan",663542,2025,28,"12","10.1",54,39,8,6,2,0,0,13,12,24.1,22.2,".205",".256",".415","0.671","4.35",,".206",".248",".319",".316",27.2,34.6
"Thornton, Trent",663423,2025,31,"16","15.1",65,60,16,10,1,0,5,11,4,16.9,6.2,".267",".533",".323","0.856","5.87",,".313",".583",".370",".405",19.8,47.6
"Ross, Joe",605452,2025,32,"17","23.1",111,100,27,13,10,0,4,19,6,17.1,5.4,".270",".490",".318","0.808","4.24",,".280",".505",".344",".352",22.5,52.7
"Lee, Chase",695445,2025,26,"10","12.1",47,39,6,4,0,2,0,13,4,27.7,8.5,".154",".256",".255","0.511","1.46",,".192",".306",".234",".268",25.6,44.6
"Quantrill, Cal",615698,2025,30,"9","41.0",189,172,51,32,13,0,6,31,15,16.4,7.9,".297",".477",".354","0.831","6.37",,".297",".493",".363",".367",20.7,45.5
"Alcantara, Sandy",645261,2025,29,"10","47.0",216,185,49,31,10,0,8,40,25,18.5,11.6,".265",".449",".353","0.802","8.04",,".270",".473",".352",".361",22.9,45.4
"Castro, Miguel",612434,2025,30,"3","3.1",22,18,5,2,2,0,1,2,3,9.1,13.6,".278",".556",".409","0.965","8.10",,".267",".449",".418",".378",16,34.2
"Sousa, Bennett",656986,2025,30,"13","15.2",67,61,14,9,4,0,1,20,4,29.9,6,".230",".344",".269","0.613","2.30",,".223",".352",".268",".287",40.3,50.2
"Davis, Noah",663562,2025,28,"3","2.2",13,10,3,2,0,0,1,3,2,23.1,15.4,".300",".600",".462","1.062","10.13",,".282",".468",".459",".408",23.1,23.2
"Abel, Mick",690953,2025,23,"1","6.0",22,22,5,5,0,0,0,9,0,40.9,0,".227",".227",".227","0.454","0.00",,".226",".310",".202",".230",37.5,57.1
"Svanson, Matt",694335,2025,26,"5","6.2",26,22,3,2,1,0,0,7,3,26.9,11.5,".136",".182",".231","0.413","2.70",,".195",".328",".197",".271",26.2,35.9
"Matsui, Yuki",673513,2025,29,"20","19.2",84,72,12,6,3,1,2,25,10,29.8,11.9,".167",".319",".262","0.581","2.75",,".184",".337",".255",".269",29.8,49.4
"Mayza, Tim",641835,2025,33,"7","9.1",40,37,9,4,4,0,1,8,1,20,2.5,".243",".432",".275","0.707","2.89",,".196",".365",".303",".270",24.4,48.1
"Holman, Grant",680880,2025,25,"13","15.0",66,62,16,14,0,0,2,12,4,18.2,6.1,".258",".355",".303","0.658","3.60",,".246",".388",".294",".297",29.9,48.1
"Lorenzen, Michael",547179,2025,33,"10","57.1",243,224,57,33,14,1,9,50,16,20.6,6.6,".254",".446",".309","0.755","3.77",,".256",".444",".329",".328",24,48.4
"Matz, Steven",571927,2025,34,"13","31.0",125,119,27,21,5,1,0,26,3,20.8,2.4,".227",".286",".250","0.536","1.74",,".232",".382",".238",".273",18.3,47.7
"Houser, Adrian",605288,2025,32,"1","6.0",21,18,2,1,1,0,0,2,3,9.5,14.3,".111",".167",".238","0.405","0.00",,".259",".334",".202",".317",19,46.7
"Anderson, Ian",666120,2025,27,"7","9.1",51,44,17,13,2,0,2,8,7,15.7,13.7,".386",".568",".471","1.039","11.57",,".298",".444",".449",".364",22.6,45.8
"Schwellenbach, Spencer",680885,2025,25,"10","61.1",248,232,53,32,13,1,7,49,12,19.8,4.8,".228",".384",".271","0.655","3.52",,".281",".434",".285",".327",26.7,51.8
"King, John",667463,2025,30,"17","16.1",76,69,22,16,4,0,2,9,6,11.8,7.9,".319",".464",".368","0.832","4.41",,".311",".456",".364",".354",17.4,49.6
"Wynne, Randy",691094,2025,32,"1","3.0",13,12,3,1,1,0,1,3,1,23.1,7.7,".250",".583",".308","0.891","3.00",,".226",".588",".379",".368",10.7,59.6
"Anderson, Grant",681982,2025,28,"22","26.2",114,100,20,16,2,0,2,28,13,24.6,11.4,".200",".280",".289","0.569","3.04",,".248",".357",".259",".304",28.5,46.7
"Arias, Luarbert",678215,2025,24,"6","9.1",50,42,15,10,2,2,1,9,5,18,10,".357",".571",".440","1.011","10.61",,".321",".517",".433",".408",16.7,46.9
"Matthews, Zebby",805673,2025,25,"1","3.0",35,30,10,10,0,0,0,14,4,40,11.4,".333",".333",".412","0.745","12.00",,".258",".366",".344",".318",26.3,50
"Leiter, Jack",683004,2025,25,"7","36.0",172,150,30,20,6,0,4,30,21,17.4,12.2,".200",".320",".302","0.622","4.25",,".263",".458",".285",".356",22.8,45.9
"Bednar, David",670280,2025,30,"18","14.2",71,64,20,14,2,2,2,22,5,31,7,".313",".500",".366","0.866","5.52",,".248",".467",".370",".328",30,45.3
"Liberatore, Matthew",669461,2025,25,"9","52.1",237,227,52,37,12,0,3,51,8,21.5,3.4,".229",".322",".262","0.584","2.92",,".247",".375",".259",".284",24.2,49.4
"Heaney, Andrew",571760,2025,34,"10","55.2",229,204,42,22,14,1,5,42,21,18.3,9.2,".206",".358",".289","0.647","2.91",,".265",".430",".290",".339",21.9,49.1
"Walker, Ryan",676254,2025,29,"20","18.0",78,68,16,14,2,0,0,16,7,20.5,9,".235",".265",".333","0.598","5.00",,".232",".331",".277",".297",20,39.6
"Elder, Bryce",693821,2025,26,"8","44.0",181,165,42,23,11,0,8,33,13,18.2,7.2,".255",".467",".309","0.776","4.50",,".280",".480",".336",".348",19.2,44
"Scott, Tanner",656945,2025,30,"24","23.2",89,86,21,14,1,2,4,25,2,28.1,2.2,".244",".442",".258","0.700","3.42",,".271",".445",".299",".317",26.6,56.1
"Senzatela, Antonio",622608,2025,30,"10","49.2",239,221,84,60,15,0,9,25,14,10.5,5.9,".380",".570",".416","0.986","6.34",,".339",".570",".427",".407",16.8,46.4
"Williams, Gavin",668909,2025,25,"10","48.0",209,183,47,33,7,0,7,57,26,27.3,12.4,".257",".410",".349","0.759","3.94",,".263",".446",".339",".351",30.4,45.9
"Henry, Cole",669371,2025,25,"15","17.1",72,61,10,6,3,0,1,18,6,25,8.3,".164",".262",".292","0.554","2.60",,".181",".268",".258",".265",28.1,45.8
"Rodriguez, Eduardo",593958,2025,32,"9","44.2",211,188,58,33,16,1,8,52,18,24.6,8.5,".309",".532",".362","0.894","7.05",,".266",".451",".383",".339",24.9,45.6
"Littell, Zack",641793,2025,29,"10","59.1",239,225,58,33,11,0,14,38,10,15.9,4.2,".258",".493",".290","0.783","4.25",,".275",".532",".335",".356",17.9,52.6
"Peralta, Wandy",593974,2025,33,"20","18.2",95,84,22,15,5,0,2,17,10,17.9,10.5,".262",".393",".337","0.730","5.30",,".261",".416",".320",".326",30.8,50
"Boyle, Joe",671212,2025,25,"1","5.0",18,15,0,0,0,0,0,7,2,38.9,11.1,".000",".000",".167","0.167","0.00",,".180",".372",".118",".310",34.3,47.3
"Skenes, Paul",694973,2025,23,"11","68.2",267,248,47,30,12,1,4,70,18,26.2,6.7,".190",".294",".247","0.541","2.36",,".212",".329",".244",".264",27.9,49.2
"Boyd, Matthew",571510,2025,34,"10","55.1",236,213,58,41,8,2,7,56,15,23.7,6.4,".272",".427",".332","0.759","3.42",,".249",".389",".334",".308",24.4,51.3
"Brazobán, Huascar",623211,2025,35,"23","31.0",117,103,18,14,2,0,2,30,8,25.6,6.8,".175",".252",".252","0.504","1.16",,".218",".327",".234",".283",26.5,51
"Evans, Logan",688138,2025,24,"5","27.0",117,107,30,21,3,1,5,21,9,17.9,7.7,".280",".467",".336","0.803","3.33",,".299",".469",".351",".356",19.5,44.8
"McDermott, Chayce",694646,2025,26,"2","7.2",39,29,8,4,1,0,3,7,8,17.9,20.5,".276",".621",".447","1.068","8.22",,".267",".638",".456",".454",21.7,32.9
"Blewett, Scott",656240,2025,29,"11","20.1",88,77,17,13,2,0,2,20,8,22.7,9.1,".221",".325",".302","0.627","2.66",,".193",".283",".285",".256",31.5,47.6
"Ureña, José",570632,2025,33,"6","13.1",62,58,18,11,2,0,5,6,4,9.7,6.5,".310",".603",".355","0.958","6.75",,".343",".721",".411",".462",18,54.2
"Cantillo, Joey",676282,2025,25,"19","24.1",112,98,23,12,7,0,4,32,14,28.6,12.5,".235",".429",".330","0.759","4.07",,".247",".404",".336",".330",27.4,40
"Legumina, Casey",668984,2025,28,"17","16.2",78,66,12,10,1,0,1,17,10,21.8,12.8,".182",".242",".299","0.541","1.62",,".185",".273",".247",".257",24.1,48.8
"Wacha, Michael",608379,2025,33,"10","56.2",259,237,61,45,10,1,5,44,17,17,6.6,".257",".371",".307","0.678","2.86",,".268",".427",".301",".322",20.1,49.8
"Murfee, Penn",682171,2025,31,"15","12.2",63,57,19,12,4,0,3,13,5,20.6,7.9,".333",".561",".397","0.958","7.82",,".299",".596",".416",".407",25.7,45.3
"Morejon, Adrian",670970,2025,26,"23","21.1",90,82,20,15,3,1,1,19,4,21.1,4.4,".244",".341",".276","0.617","3.38",,".242",".325",".267",".260",20.3,48.7
"Poche, Colin",621363,2025,31,"13","8.2",46,32,10,5,3,1,1,10,12,21.7,26.1,".313",".563",".478","1.041","11.42",,".217",".396",".441",".369",21.9,34
"Tidwell, Blade",694918,2025,24,"1","3.2",23,18,9,8,0,0,1,2,3,8.7,13,".500",".667",".565","1.232","14.73",,".342",".533",".522",".415",21.2,40.2
"Cabrera, Edward",665795,2025,27,"7","34.1",152,136,37,23,8,0,6,33,14,21.7,9.2,".272",".463",".342","0.805","5.50",,".265",".452",".352",".341",23.9,41
"Lawrence, Casey",596271,2025,37,"6","17.2",80,77,26,18,6,0,2,7,1,8.8,1.3,".338",".494",".350","0.844","4.08",,".366",".610",".365",".433",14.2,46
"May, Dustin",669160,2025,27,"9","50.2",214,192,45,31,6,2,6,49,18,22.9,8.4,".234",".380",".313","0.693","4.09",,".271",".440",".310",".344",23.6,44.6
"Iglesias, Raisel",628452,2025,35,"21","20.1",88,82,23,11,5,0,7,21,5,23.9,5.7,".280",".598",".330","0.928","5.75",,".270",".564",".393",".371",27.5,52.3
"Snider, Collin",676092,2025,29,"20","22.1",95,87,22,9,9,2,2,22,3,23.2,3.2,".253",".471",".290","0.761","3.63",,".251",".425",".326",".314",23.5,55
"Hagenman, Justin",663795,2025,28,"1","3.1",13,13,3,1,2,0,0,4,0,30.8,0,".231",".385",".231","0.616","2.70",,".206",".319",".263",".223",20,50
"Steele, Justin",657006,2025,29,"4","22.2",92,85,21,12,4,0,5,21,5,22.8,5.4,".247",".471",".293","0.764","4.76",,".277",".491",".330",".348",18.5,51.8
"Vasil, Mike",678024,2025,25,"15","28.1",135,112,21,16,2,1,2,19,20,14.1,14.8,".188",".277",".326","0.603","2.54",,".246",".442",".277",".355",23,44
"Ober, Bailey",641927,2025,29,"10","51.1",223,207,57,37,14,0,6,43,12,19.3,5.4,".275",".430",".318","0.748","3.68",,".259",".422",".327",".314",25.8,51
"Winckowski, Josh",670174,2025,27,"6","11.2",52,44,11,9,2,0,0,9,5,17.3,9.6,".250",".295",".327","0.622","3.86",,".308",".503",".284",".387",26.7,50.7
"Erceg, Lucas",668674,2025,30,"23","22.0",84,78,14,12,0,0,2,18,3,21.4,3.6,".179",".256",".238","0.494","2.05",,".229",".391",".227",".295",24.1,51.8
"Duran, Jhoan",661395,2025,27,"23","22.1",97,86,16,15,1,0,0,28,10,28.9,10.3,".186",".198",".278","0.476","1.21",,".210",".269",".220",".255",32.8,52.3
"Luzardo, Jesús",666200,2025,27,"10","60.0",242,221,51,38,11,0,2,67,18,27.7,7.4,".231",".308",".289","0.597","1.95",,".238",".351",".269",".289",30.1,48.1
"Garrett, Reed",657585,2025,32,"22","21.0",87,75,14,10,3,0,1,21,12,24.1,13.8,".187",".267",".299","0.566","0.86",,".229",".368",".261",".310",25.3,42.6
"Canning, Griffin",656288,2025,29,"10","50.0",209,189,45,35,3,1,6,47,20,22.5,9.6,".238",".360",".311","0.671","2.88",,".249",".421",".301",".324",26.7,46.3
"Sulser, Cole",642121,2025,35,"7","8.2",37,34,9,7,1,0,1,6,3,16.2,8.1,".265",".382",".324","0.706","4.15",,".241",".364",".315",".294",28.6,51.3
"Roycroft, Chris",688297,2025,28,"12","10.0",48,38,11,5,4,2,0,6,8,12.5,16.7,".289",".500",".396","0.896","7.20",,".319",".582",".375",".435",19,43.8
"Dubin, Shawn",681869,2025,29,"6","7.0",27,23,3,2,1,0,0,7,4,25.9,14.8,".130",".174",".259","0.433","0.00",,".147",".168",".216",".221",21.2,47.3
"Alexander Jr., Scott",518397,2025,35,"19","16.1",72,64,20,9,7,0,4,6,7,8.3,9.7,".313",".609",".389","0.998","6.06",,".328",".617",".427",".432",18.6,43.7
"Díaz, Yilber",700270,2025,24,"1","3.0",15,12,4,2,2,0,0,1,3,6.7,20,".333",".500",".467","0.967","9.00",,".386",".681",".427",".502",8.7,38.3
"Rodriguez, Yariel",684320,2025,28,"21","25.1",98,86,17,9,4,0,4,25,9,25.5,9.2,".198",".384",".286","0.670","3.20",,".209",".421",".293",".314",28,46.6
"Montero, Keider",672456,2025,24,"6","30.2",136,120,35,24,5,1,5,21,13,15.4,9.6,".292",".475",".370","0.845","5.28",,".268",".448",".372",".349",21.7,48.2
"Barlow, Scott",605130,2025,32,"24","21.2",95,80,15,10,3,0,2,20,14,21.1,14.7,".188",".300",".316","0.616","4.15",,".248",".366",".283",".328",28,39.5
"Irvin, Jake",663623,2025,28,"10","60.1",278,258,56,35,10,1,10,47,19,16.9,6.8,".217",".380",".273","0.653","3.88",,".273",".512",".288",".358",17.3,46.6
"Smith, Cade",671922,2025,26,"24","22.1",102,89,21,13,8,0,0,37,9,36.3,8.8,".236",".326",".314","0.640","2.82",,".203",".285",".284",".257",33.3,47.5
"Bido, Osvaldo",674370,2025,29,"9","43.1",198,172,52,32,9,1,10,29,18,14.6,9.1,".302",".541",".364","0.905","5.82",,".267",".498",".385",".359",22.5,50.7
"Finnegan, Kyle",640448,2025,33,"19","18.2",79,70,18,11,4,3,0,17,7,21.5,8.9,".257",".400",".316","0.716","2.41",,".243",".353",".311",".302",21.7,46.9
"Bernardino, Brennan",657514,2025,33,"22","21.0",92,77,13,9,3,0,1,17,9,18.5,9.8,".169",".247",".267","0.514","1.29",,".193",".309",".230",".279",23.6,46.5
"Wrobleski, Justin",680736,2025,24,"2","9.0",38,34,9,6,1,0,2,8,3,21.1,7.9,".265",".471",".316","0.787","8.00",,".277",".496",".338",".362",25,51.5
"Cruz, Omar",678316,2025,26,"2","3.2",18,15,4,3,1,0,0,5,3,27.8,16.7,".267",".333",".389","0.722","4.91",,".205",".310",".335",".298",37.5,39.5
"Soto, Gregory",642397,2025,30,"20","17.1",82,72,20,12,7,0,1,18,7,22,8.5,".278",".417",".346","0.763","4.67",,".252",".379",".336",".314",24.7,47.7
"Miller, Shelby",571946,2025,34,"21","20.2",89,76,15,11,3,0,1,22,10,24.7,11.2,".197",".276",".303","0.579","2.18",,".245",".366",".256",".307",28,49.6
"deGrom, Jacob",594798,2025,37,"10","58.0",224,211,42,26,7,1,8,62,12,27.7,5.4,".199",".355",".246","0.601","2.33",,".216",".378",".265",".278",32.7,51.7
"Bird, Jake",656234,2025,29,"21","31.0",126,109,22,15,6,0,1,38,14,30.2,11.1,".202",".284",".294","0.578","1.74",,".208",".299",".266",".273",28.2,43.6
"Faucher, Calvin",676534,2025,29,"18","16.0",74,63,17,13,3,0,1,17,10,23,13.5,".270",".365",".365","0.730","5.63",,".277",".377",".330",".336",27.2,43
"Cleavinger, Garrett",664076,2025,31,"20","19.0",77,72,12,8,1,0,3,24,4,31.2,5.2,".167",".306",".221","0.527","1.89",,".202",".308",".235",".250",33.8,48.6
"Okert, Steven",595345,2025,33,"20","23.2",87,80,11,6,4,0,1,27,3,31,3.4,".138",".225",".186","0.411","1.90",,".191",".366",".186",".263",36,50.4
"Smith-Shawver, AJ",700363,2025,22,"8","41.2",180,159,39,27,8,1,3,41,19,22.8,10.6,".245",".365",".330","0.695","3.67",,".301",".486",".313",".377",27.3,45.8
"Maton III, Phil",664208,2025,32,"20","18.0",78,70,18,14,4,0,0,23,5,29.5,6.4,".257",".314",".333","0.647","3.00",,".207",".299",".297",".267",32.8,41.9
"Arrighetti, Spencer",681293,2025,25,"2","9.2",39,33,4,1,2,0,1,8,5,20.5,12.8,".121",".273",".256","0.529","5.59",,".205",".376",".249",".315",36.2,43.9
"Herget, Jimmy",623474,2025,31,"17","24.0",107,92,26,18,5,0,3,14,10,13.1,9.3,".283",".435",".364","0.799","3.75",,".266",".424",".353",".343",19.4,47
"Bello, Brayan",678394,2025,26,"7","35.1",160,136,40,30,6,0,4,27,20,16.9,12.5,".294",".426",".390","0.816","4.08",,".302",".456",".365",".375",19.9,43.3
"Holmes, Grant",656550,2025,29,"10","51.2",241,211,42,25,7,0,10,55,26,22.8,10.8,".199",".374",".290","0.664","4.01",,".243",".428",".296",".334",25.5,47.2
"Spence, Mitch",687765,2025,27,"18","31.2",147,130,34,20,10,0,4,32,12,21.8,8.2,".262",".431",".333","0.764","4.26",,".248",".431",".335",".331",28.7,48.7
"Martinez, Nick",607259,2025,34,"10","57.2",230,214,53,28,20,1,4,43,13,18.7,5.7,".248",".407",".293","0.700","3.43",,".260",".392",".305",".306",23.8,47.3
"Casparius, Ben",676508,2025,26,"17","33.2",134,127,27,19,7,0,1,38,6,28.4,4.5,".213",".291",".246","0.537","2.94",,".233",".358",".239",".271",31.4,51.8
"López, Pablo",641154,2025,29,"9","50.2",203,189,40,29,8,0,3,54,9,26.6,4.4,".212",".302",".256","0.558","2.31",,".226",".359",".249",".278",26,48.9
"McKenzie, Triston",663474,2025,27,"4","5.2",30,22,7,4,2,0,1,4,7,13.3,23.3,".318",".545",".467","1.012","11.12",,".334",".602",".435",".495",21.2,42.3
"Alvarado, José",621237,2025,30,"20","20.0",84,79,20,17,2,0,1,25,4,29.8,4.8,".253",".316",".286","0.602","2.70",,".223",".359",".268",".273",24.4,48.5
"Topa, Justin",623437,2025,34,"16","15.2",76,67,17,13,4,0,0,13,6,17.1,7.9,".254",".313",".329","0.642","1.72",,".256",".360",".288",".315",15.7,43.3
"Ferguson, Caleb",657571,2025,28,"24","22.0",94,79,18,15,3,0,0,16,9,17,9.6,".228",".266",".333","0.599","4.09",,".196",".257",".274",".259",19.6,46.2
"Kolek, Stephen",663568,2025,28,"4","25.1",104,94,24,20,1,0,3,21,8,20.2,7.7,".255",".362",".317","0.679","2.84",,".247",".352",".304",".300",17.7,45.2
"Johnson, Ryan",696270,2025,22,"14","14.2",72,66,24,19,1,0,4,16,5,22.2,6.9,".364",".561",".403","0.964","7.36",,".259",".423",".412",".310",27.7,47.4
"Thielbar, Caleb",573204,2025,38,"20","17.2",69,59,9,5,4,0,0,16,8,23.2,11.6,".153",".220",".246","0.466","2.55",,".174",".260",".212",".237",25.8,43.8
"Rainey, Tanner",663432,2025,32,"8","5.2",27,21,6,5,1,0,0,6,3,22.2,11.1,".286",".333",".385","0.718","7.94",,".324",".398",".328",".384",33.3,53.6
"Barnes, Jacob",606930,2025,35,"6","8.0",36,31,10,8,1,0,1,5,3,13.9,8.3,".323",".452",".361","0.813","9.00",,".314",".540",".349",".393",26.5,46.6
"Corbin, Patrick",571578,2025,35,"8","42.2",177,158,41,28,6,0,7,32,15,18.1,8.5,".259",".430",".326","0.756","3.59",,".263",".445",".333",".345",23.3,46.3
"Ellard, Fraser",686642,2025,27,"7","6.2",25,18,1,1,0,0,0,10,6,40,24,".056",".056",".320","0.376","6.75",,".124",".240",".232",".307",34,41.2
"Bachar, Lake",669199,2025,30,"22","26.2",112,93,18,11,2,2,3,30,16,26.8,14.3,".194",".355",".313","0.668","4.73",,".212",".395",".289",".315",30.1,42.4
"Schreiber, John",670167,2025,31,"23","20.0",84,77,18,11,3,0,4,22,6,26.2,7.1,".234",".429",".289","0.718","2.70",,".234",".391",".314",".297",25,48.6
"Soriano, José",667755,2025,26,"10","58.0",272,238,66,55,8,0,3,47,30,17.3,11,".277",".349",".359","0.708","3.57",,".269",".386",".322",".330",25.1,44.3
"Glasnow, Tyler",607192,2025,31,"5","18.0",77,65,12,8,0,0,4,23,11,29.9,14.3,".185",".369",".312","0.681","4.50",,".241",".493",".309",".370",27.6,37.9
"Hernández, Carlos",672578,2025,28,"19","19.0",97,81,25,18,4,0,3,17,12,17.5,12.4,".309",".469",".406","0.875","6.63",,".313",".606",".383",".429",22.2,50.9
"Castillo, Luis F.",622379,2025,30,"2","7.0",41,33,12,9,3,0,0,5,7,12.2,17.1,".364",".455",".475","0.930","7.71",,".296",".462",".417",".388",20.3,44
"Bassitt, Chris",605135,2025,36,"10","57.1",244,230,59,42,10,1,6,61,11,25,4.5,".257",".387",".295","0.682","2.83",,".248",".390",".300",".294",23.8,49.1
"Peralta, Freddy",642547,2025,29,"11","60.0",248,219,44,32,5,0,7,60,23,24.2,9.3,".201",".320",".286","0.606","2.55",,".227",".386",".276",".307",29.9,46.4
"Young, Danny",664849,2025,31,"10","8.1",37,32,9,9,0,0,0,13,3,35.1,8.1,".281",".281",".361","0.642","4.32",,".213",".252",".301",".258",33.3,32.3
"Eflin, Zach",621107,2025,31,"5","28.1",137,128,34,14,11,0,9,18,5,13.1,3.6,".266",".563",".299","0.862","5.08",,".237",".463",".365",".313",19.8,48.7
"Anderson, Shaun",641312,2025,30,"5","10.0",46,43,14,10,1,0,3,10,3,21.7,6.5,".326",".558",".370","0.928","6.30",,".288",".562",".402",".379",26.1,48.9
"Leasure, Jordan",673929,2025,26,"22","18.0",78,68,16,7,4,1,4,24,9,30.8,11.5,".235",".500",".321","0.821","3.50",,".212",".410",".348",".304",33.3,45.6
"Fernandez, Ryan",681676,2025,27,"11","8.2",45,40,15,8,3,2,2,7,5,15.6,11.1,".375",".700",".444","1.144","11.42",,".308",".565",".479",".398",23.2,51.9
"Peguero, Elvis",665625,2025,28,"6","7.1",36,31,8,6,1,0,1,5,4,13.9,11.1,".258",".387",".361","0.748","4.91",,".253",".434",".339",".348",29.7,50.7
"Holmes, Clay",605280,2025,32,"10","54.2",228,202,48,38,4,1,5,53,20,23.2,8.8,".238",".342",".313","0.655","3.13",,".235",".389",".295",".311",22.5,44.1
"Imanaga, Shota",684007,2025,31,"8","44.2",181,166,35,20,8,0,7,34,14,18.8,7.7,".211",".386",".272","0.658","2.82",,".254",".495",".290",".346",25.3,54.2
"Skubal, Tarik",669373,2025,28,"10","59.2",234,223,49,40,3,0,6,79,7,33.8,3,".220",".314",".249","0.563","2.87",,".233",".372",".250",".274",34.8,54.9
"Rodriguez, Carlos",692230,2025,23,"1","3.1",18,14,5,2,3,0,0,2,4,11.1,22.2,".357",".571",".500","1.071","8.10",,".230",".422",".465",".369",32.4,45.9
"Cano, Yennier",666974,2025,31,"19","16.0",71,63,17,12,2,0,3,18,6,25.4,8.5,".270",".444",".343","0.787","5.06",,".242",".368",".348",".305",25.4,46.9
"Murdock, Noah",668716,2025,26,"14","17.0",98,75,26,18,8,0,0,21,20,21.4,20.4,".347",".453",".490","0.943","13.24",,".257",".399",".415",".365",25.8,38.5
"Roberts, Ethan",681799,2025,27,"9","8.1",35,31,8,4,2,0,2,6,2,17.1,5.7,".258",".516",".314","0.830","5.40",,".283",".501",".353",".358",18.6,46.5
"Holton, Tyler",663947,2025,29,"21","23.1",97,87,22,16,2,0,4,22,7,22.7,7.2,".253",".414",".302","0.716","3.47",,".265",".425",".312",".318",23.9,46.4
"Lopez, Jacob",682052,2025,27,"5","14.0",66,55,14,12,1,0,1,17,8,25.8,12.1,".255",".327",".369","0.696","2.57",,".193",".279",".324",".279",23.7,44.9
"Castillo, Luis",622491,2025,32,"10","56.1",238,216,51,34,13,0,4,44,20,18.5,8.4,".236",".352",".303","0.655","3.20",,".261",".441",".293",".332",22.9,50.1
"Rodríguez, Manuel",655889,2025,28,"24","23.1",95,88,19,15,2,0,2,20,4,21.1,4.2,".216",".307",".255","0.562","2.31",,".242",".322",".250",".267",26.7,51.5
"Puk, A.J.",640462,2025,30,"8","8.0",35,32,8,3,3,0,2,12,2,34.3,5.7,".250",".531",".314","0.845","3.38",,".211",".345",".364",".278",32.5,53.2
"Festa, David",701581,2025,25,"3","13.0",56,49,12,10,2,0,0,15,5,26.8,8.9,".245",".286",".339","0.625","1.38",,".291",".493",".292",".380",23.2,50
"Romano, Jordan",605447,2025,32,"21","19.0",84,75,21,11,6,0,4,24,8,28.6,9.5,".280",".520",".357","0.877","8.05",,".236",".399",".377",".311",33.1,44.5
"Brown, Ben",676962,2025,25,"10","46.1",212,192,56,42,6,2,6,58,16,27.4,7.5,".292",".438",".354","0.792","5.44",,".262",".447",".349",".337",28.6,46.7
"Alcala, Jorge",660896,2025,29,"16","17.1",84,70,19,12,5,0,2,21,12,25,14.3,".271",".429",".381","0.810","7.27",,".189",".310",".360",".287",26.7,46.8
"Suarez, Robert",663158,2025,34,"22","21.0",79,71,11,9,2,0,0,22,8,27.8,10.1,".155",".183",".241","0.424","2.57",,".213",".348",".204",".286",22.9,54.5
"Burrows, Mike",681347,2025,25,"1","5.0",20,18,4,2,0,0,2,3,2,15,10,".222",".556",".300","0.856","7.20",,".233",".390",".366",".308",23.1,50.6
"Miller, Erik",669062,2025,27,"20","17.1",73,60,15,13,2,0,0,13,10,17.8,13.7,".250",".283",".361","0.644","1.56",,".253",".355",".291",".315",28.2,47.3
"Peterson, David",656849,2025,29,"9","50.1",247,219,52,35,13,0,4,54,22,21.9,8.9,".237",".352",".316","0.668","2.86",,".261",".377",".299",".317",23.2,46.9
"Strickland, Hunter",519326,2025,36,"3","2.2",10,8,1,1,0,0,0,0,2,0,20,".125",".125",".300","0.425","0.00",,".273",".420",".228",".376",0,40.5
"Hurter, Brant",676428,2025,26,"14","26.0",106,95,19,12,4,0,3,25,6,23.6,5.7,".200",".337",".267","0.604","2.08",,".231",".341",".266",".279",24.9,46.2
"Estes, Joey",683155,2025,23,"2","7.0",42,33,15,7,4,0,4,5,6,11.9,14.3,".455",".939",".524","1.463","15.43",,".327",".629",".583",".444",17.1,47.9
"Curry, Xzavion",675540,2025,26,"3","3.0",16,13,4,4,0,0,0,1,3,6.3,18.8,".308",".308",".438","0.746","6.00",,".190",".327",".353",".308",4.2,42.9
"Dollander, Chase",801403,2025,23,"8","38.2",172,149,37,23,4,0,10,38,18,22.1,10.5,".248",".477",".333","0.810","6.28",,".260",".548",".352",".381",23.9,47.9
"Jarvis, Bryce",686826,2025,27,"6","7.1",32,27,7,4,2,0,1,9,3,28.1,9.4,".259",".444",".344","0.788","7.36",,".214",".353",".343",".329",22.2,43.2
"Burke, Brock",656271,2025,28,"21","18.0",89,74,21,13,3,2,3,15,9,16.9,10.1,".284",".500",".368","0.868","6.00",,".256",".490",".366",".359",23.3,50.1
"Rocker, Kumar",677958,2025,25,"5","20.0",95,88,30,20,6,1,3,16,5,16.8,5.3,".341",".534",".379","0.913","8.10",,".318",".527",".394",".386",22.5,49.4
"Halvorsen, Seth",678020,2025,25,"20","19.2",87,76,21,13,6,0,2,19,10,21.8,11.5,".276",".434",".356","0.790","5.03",,".241",".368",".348",".309",33.1,47.6
"Severino, Luis",622663,2025,31,"11","65.2",280,254,63,43,16,0,4,50,20,17.9,7.1,".248",".358",".309","0.667","4.11",,".280",".401",".297",".325",18.2,47.9
"Rea, Colin",607067,2025,34,"10","41.2",193,176,46,33,8,0,5,40,14,20.7,7.3,".261",".392",".313","0.705","2.38",,".263",".443",".311",".332",22.3,44.2
"Loáisiga, Jonathan",642528,2025,30,"3","2.2",14,11,2,1,1,0,0,2,2,14.3,14.3,".182",".273",".357","0.630","0.00",,".202",".245",".305",".304",22.6,57.4
"Gordon, Colton",676467,2025,26,"2","9.2",43,41,12,6,3,1,2,10,2,23.3,4.7,".293",".561",".326","0.887","5.59",,".217",".407",".371",".273",12.7,47
"Salazar, Eduardo",674285,2025,27,"17","15.2",83,72,28,18,5,1,4,11,8,13.3,9.6,".389",".653",".451","1.104","9.77",,".335",".537",".470",".408",20.7,46.8
"Gusto, Ryan",687473,2025,26,"12","35.1",160,143,38,25,6,1,6,38,16,23.8,10,".266",".448",".344","0.792","4.58",,".257",".452",".349",".343",24.8,49
"Kahnle, Tommy",592454,2025,35,"19","19.2",82,75,13,9,2,0,2,20,6,24.4,7.3,".173",".280",".244","0.524","1.37",,".204",".346",".239",".274",26.4,45.4
"Knack, Landon",689017,2025,27,"6","23.1",105,94,26,15,5,1,5,23,10,21.9,9.5,".277",".511",".343","0.854","6.17",,".286",".494",".368",".366",22.5,47.6
"Fisher, Braydon",680755,2025,24,"6","7.0",22,22,3,3,0,0,0,10,0,45.5,0,".136",".136",".136","0.272","0.00",,".236",".280",".121",".223",27.7,52.2
"Jameson, Drey",686753,2025,27,"3","3.0",13,10,4,2,2,0,0,0,3,0,23.1,".400",".600",".538","1.138","3.00",,".414",".519",".492",".470",20,37.7
"Martin, Davis",663436,2025,28,"10","56.2",237,219,59,38,13,2,6,36,13,15.2,5.5,".269",".429",".316","0.745","3.49",,".303",".490",".326",".363",19.4,48.5
"Miller, Mason",695243,2025,26,"17","16.2",78,66,15,8,3,1,3,35,10,44.9,12.8,".227",".439",".338","0.777","5.94",,".192",".390",".339",".305",45.2,50
"Lugo, Seth",607625,2025,35,"9","56.2",222,204,47,30,8,0,9,42,15,18.9,6.8,".230",".402",".285","0.687","3.02",,".282",".488",".300",".351",19.6,44.9
"Mahle, Tyler",641816,2025,30,"11","60.0",235,213,41,33,5,1,2,43,21,18.3,8.9,".192",".254",".264","0.518","1.80",,".260",".400",".239",".321",21.7,49.1
"Englert, Mason",669438,2025,25,"11","18.0",80,73,23,19,2,0,2,18,4,22.5,5,".315",".425",".354","0.779","6.00",,".332",".510",".343",".379",25.8,50.5
"Adam, Jason",592094,2025,33,"24","24.2",98,84,11,8,1,0,2,28,12,28.6,12.2,".131",".214",".247","0.461","1.46",,".160",".283",".223",".256",35.4,46.8
"Wicks, Jordan",696136,2025,25,"2","2.0",12,11,6,6,0,0,0,2,0,16.7,0,".545",".545",".545","1.090","13.50",,".400",".447",".486",".369",23.8,58.3
"Meyer, Max",676974,2025,26,"10","56.1",239,219,55,36,10,0,9,63,17,26.4,7.1,".251",".420",".310","0.730","4.15",,".260",".441",".321",".337",29.3,47
"Gibson, Cade",806188,2025,27,"6","12.1",51,48,12,11,0,1,0,7,3,13.7,5.9,".250",".292",".294","0.586","0.73",,".322",".399",".264",".335",12.4,43.6
"Eovaldi, Nathan",543135,2025,35,"11","67.1",257,241,44,32,7,1,4,71,9,27.6,3.5,".183",".270",".224","0.494","1.60",,".238",".399",".221",".295",28.6,49.8
"Domínguez, Seranthony",622554,2025,30,"19","16.1",78,65,16,10,3,0,3,20,13,25.6,16.7,".246",".431",".372","0.803","6.06",,".249",".403",".354",".344",29.9,42.8
"Phillips, Evan",623465,2025,30,"7","5.2",22,20,4,4,0,0,0,6,2,27.3,9.1,".200",".200",".273","0.473","0.00",,".204",".246",".225",".240",30.2,46.7
"Festa, Matt",670036,2025,32,"8","9.0",38,36,6,6,0,0,0,9,1,23.7,2.6,".167",".167",".211","0.378","3.00",,".256",".347",".178",".283",23.1,55.1
"Santillan, Tony",663574,2025,28,"24","24.0",99,91,19,11,4,0,4,18,7,18.2,7.1,".209",".385",".263","0.648","2.63",,".263",".473",".283",".335",21.4,51.1
"Fluharty, Mason",689254,2025,23,"20","20.0",76,67,8,3,4,0,1,20,7,26.3,9.2,".119",".224",".211","0.435","2.25",,".193",".326",".196",".268",32.3,43.9
"Reynolds, Sean",669308,2025,27,"5","7.0",42,38,11,6,2,0,3,10,3,23.8,7.1,".289",".579",".357","0.936","6.43",,".328",".714",".403",".461",23,42.3
"Lovelady, Richard",663992,2025,29,"2","1.2",12,6,2,0,2,0,0,3,2,25,16.7,".333",".667",".583","1.250","21.60",,".177",".359",".509",".411",25,43.5
"Hart, Kyle",606996,2025,32,"5","21.0",90,83,23,12,5,0,6,16,6,17.8,6.7,".277",".554",".322","0.876","6.00",,".257",".476",".374",".335",17.8,45.9
"Walker, Taijuan",592836,2025,32,"9","39.1",172,152,35,25,6,1,3,33,16,19.2,9.3,".230",".342",".310","0.652","2.97",,".251",".376",".294",".313",18.6,45.2
"Priester, Quinn",682990,2025,24,"8","38.2",193,168,41,25,11,0,5,32,23,16.6,11.9,".244",".399",".333","0.732","4.66",,".262",".404",".326",".334",21.2,44.8
"Church, Marc",687847,2025,24,"5","4.2",23,16,4,2,2,0,0,5,6,21.7,26.1,".250",".375",".435","0.810","3.86",,".276",".621",".369",".442",28.6,35.4
"Tate, Dillon",622253,2025,31,"5","5.1",30,23,7,5,1,0,1,7,6,23.3,20,".304",".478",".467","0.945","5.06",,".250",".491",".423",".403",20,38.1
"Graveman, Kendall",608665,2025,34,"4","4.0",15,14,5,3,1,1,0,2,1,13.3,6.7,".357",".571",".400","0.971","2.25",,".376",".581",".416",".428",21.4,47.5
"Burnes, Corbin",669203,2025,30,"9","52.2",216,188,39,23,10,0,6,51,23,23.6,10.6,".207",".356",".299","0.655","2.73",,".244",".409",".293",".324",26.5,46.4
"Woods Richardson, Simeon",680573,2025,24,"8","37.2",166,149,44,29,7,0,8,35,14,21.1,8.4,".295",".503",".361","0.864","5.02",,".280",".556",".376",".383",24.7,48.5
"Uceta, Edwin",670955,2025,27,"23","21.2",95,82,22,12,4,0,6,18,10,18.9,10.5,".268",".537",".358","0.895","5.40",,".323",".638",".379",".449",25.5,53.3
"Santos, Gregory",666619,2025,25,"8","7.0",36,27,8,5,3,0,0,0,8,0,22.2,".296",".407",".457","0.864","5.14",,".299",".456",".377",".390",10.7,42.4
"Paddack, Chris",663978,2025,29,"10","52.0",217,191,45,34,4,0,7,35,19,16.1,8.8,".236",".366",".301","0.667","3.98",,".250",".444",".295",".334",20.4,49.7
"Hahn, Jesse",534910,2025,35,"3","5.0",25,18,6,5,0,0,1,3,5,12,20,".333",".500",".500","1.000","5.40",,".328",".435",".412",".384",25.8,39.2
"Soriano, George",666277,2025,26,"11","18.1",86,72,21,9,5,1,6,19,11,22.1,12.8,".292",".639",".400","1.039","8.35",,".307",".565",".438",".414",24,44
"McCullers Jr., Lance",621121,2025,31,"4","12.1",67,54,15,11,2,0,2,14,10,20.9,14.9,".278",".426",".418","0.844","6.57",,".306",".514",".382",".418",24,40.7
"Pepiot, Ryan",686752,2025,27,"10","56.1",236,215,56,31,12,3,10,47,18,19.9,7.6,".260",".484",".318","0.802","3.99",,".273",".470",".346",".350",23.5,50.6
"Bubic, Kris",663460,2025,27,"10","61.1",244,224,47,34,10,0,3,61,18,25,7.4,".210",".295",".275","0.570","1.47",,".232",".359",".257",".287",30.1,51.3
"Pérez, Cionel",672335,2025,29,"19","21.2",110,87,28,19,6,0,3,21,18,19.1,16.4,".322",".494",".444","0.938","8.31",,".218",".323",".411",".313",24.6,45.5
"Stratton, Hunter",676702,2025,28,"2","1.2",12,11,6,4,1,0,1,0,1,0,8.3,".545",".909",".583","1.492","21.60",,".527","1.004",".633",".650",23.3,58.8
"Baker, Bryan",641329,2025,30,"22","21.1",81,76,15,9,2,0,4,28,5,34.6,6.2,".197",".382",".247","0.629","2.11",,".234",".437",".276",".308",32.6,50.3
"Little, Brendon",663893,2025,28,"25","24.0",99,88,16,12,2,1,1,35,10,35.4,10.1,".182",".261",".273","0.534","1.50",,".191",".300",".248",".264",49.7,44.7
"Matzek, Tyler",554431,2025,34,"7","6.1",35,29,11,7,4,0,0,7,5,20,14.3,".379",".517",".457","0.974","4.26",,".272",".456",".422",".358",21.7,47.2
"Suárez, Albert",544150,2025,35,"1","2.2",11,10,5,5,0,0,0,2,0,18.2,0,".500",".500",".455","0.955","3.38",,".230",".315",".405",".266",26.3,48.7
"Herget, Kevin",643361,2025,34,"1","2.0",10,10,3,2,1,0,0,1,0,10,0,".300",".400",".300","0.700","4.50",,".273",".438",".305",".302",15.8,45.2
"Brzykcy, Zach",694350,2025,25,"7","5.2",28,25,9,6,1,0,2,5,2,17.9,7.1,".360",".640",".429","1.069","11.12",,".385",".544",".460",".433",22,51.3
"Bazardo, Eduard",660825,2025,29,"20","24.2",105,92,22,17,1,1,3,20,11,19,10.5,".239",".370",".314","0.684","4.38",,".237",".369",".304",".308",17.6,42.6
"Latz, Jacob",656641,2025,29,"8","12.1",55,48,13,9,2,0,2,11,6,20,10.9,".271",".438",".345","0.783","4.38",,".280",".512",".343",".369",33.7,48.6
"Uribe, Abner",682842,2025,25,"25","24.1",101,87,20,18,0,0,2,33,11,32.7,10.9,".230",".299",".330","0.629","1.85",,".235",".327",".289",".300",34.1,44.9
"Ruiz, José",614179,2025,30,"13","12.1",59,51,16,7,7,0,2,12,6,20.3,10.2,".314",".569",".373","0.942","5.11",,".257",".421",".397",".338",28.4,52
"Miller, Bryce",682243,2025,26,"8","39.2",174,149,40,26,10,1,3,35,21,20.1,12.1,".268",".409",".356","0.765","5.22",,".282",".399",".339",".345",23,47.7
"Neris, Héctor",593576,2025,36,"11","6.1",29,25,7,4,2,0,1,10,4,34.5,13.8,".280",".480",".379","0.859","11.37",,".203",".385",".378",".312",22.7,47.5
"Sewald, Paul",623149,2025,35,"14","11.2",48,46,13,8,2,0,3,15,2,31.3,4.2,".283",".522",".313","0.835","6.17",,".240",".530",".360",".338",32.6,47.1
"Yarbrough, Ryan",642232,2025,33,"11","29.1",120,108,24,19,0,0,5,28,10,23.3,8.3,".222",".361",".292","0.653","3.38",,".241",".364",".291",".298",27.7,44.1
"Jacob, Alek",689690,2025,27,"21","21.2",114,96,31,20,5,0,6,18,10,15.8,8.8,".323",".563",".412","0.975","5.82",,".276",".478",".420",".374",22.7,46.3
"Young, Brandon",687064,2025,26,"2","8.2",42,33,11,6,4,0,1,9,8,21.4,19,".333",".545",".452","0.997","6.23",,".255",".441",".430",".367",21.9,41.5
"Selby, Colin",681882,2025,27,"3","3.2",15,14,3,1,1,0,1,5,1,33.3,6.7,".214",".500",".267","0.767","4.91",,".226",".514",".328",".335",33.3,49.1
"Feyereisen, J.P.",656420,2025,32,"4","4.0",23,22,11,6,3,0,2,4,1,17.4,4.3,".500",".909",".522","1.431","11.25",,".370",".640",".604",".430",20,61.7
"Waddell, Brandon",663399,2025,31,"1","4.1",16,16,3,3,0,0,0,4,0,25,0,".188",".188",".188","0.376","0.00",,".268",".390",".167",".283",25,53.3
"Stanek, Ryne",592773,2025,33,"21","17.2",78,71,16,12,3,1,0,18,7,23.1,9,".225",".296",".295","0.591","3.57",,".222",".348",".269",".283",27.2,54.6
"Strahm, Matt",621381,2025,33,"23","20.2",85,76,19,14,4,0,1,26,5,30.6,5.9,".250",".342",".286","0.628","2.61",,".213",".308",".275",".248",22.4,55
"Helsley, Ryan",664854,2025,30,"17","17.0",80,67,16,12,2,0,2,19,11,23.8,13.8,".239",".358",".350","0.708","3.71",,".255",".407",".317",".341",27.7,50.6
"Criswell, Cooper",681867,2025,28,"3","4.1",27,25,10,8,1,0,1,0,1,0,3.7,".400",".560",".407","0.967","10.38",,".327",".502",".413",".359",4.9,42.7
"Williams, Trevor",592866,2025,33,"10","49.1",224,203,62,47,6,2,7,41,15,18.3,6.7,".305",".458",".354","0.812","6.39",,".271",".396",".355",".318",20.9,45
"Myers, Tobias",668964,2025,26,"6","20.0",96,84,26,19,5,0,2,15,10,15.6,10.4,".310",".440",".385","0.825","4.95",,".278",".431",".365",".346",16.2,50.3
"Wilson, Bryse",669060,2025,27,"14","33.0",175,154,50,34,7,1,8,23,16,13.1,9.1,".325",".539",".391","0.930","6.00",,".327",".573",".402",".421",16.9,46.5
"Blalock, Bradley",687134,2025,24,"5","16.0",78,71,27,18,3,0,6,8,6,10.3,7.7,".380",".676",".423","1.099","12.94",,".296",".553",".467",".379",16.4,48.8
"Brown, Hunter",686613,2025,26,"10","61.2",232,216,40,27,7,1,5,71,16,30.6,6.9,".185",".296",".241","0.537","2.04",,".227",".361",".241",".282",26.6,45.9
"King, Michael",650633,2025,30,"10","55.2",225,205,40,25,9,0,6,64,17,28.4,7.6,".195",".327",".262","0.589","2.59",,".208",".371",".264",".284",27.8,44.1
"Jax, Griffin",643377,2025,30,"24","22.2",101,96,25,17,5,0,3,38,5,37.6,5,".260",".406",".297","0.703","4.76",,".242",".398",".309",".294",35.4,51.4
"Chivilli, Angel",683409,2025,22,"19","29.0",134,120,34,22,6,0,6,21,13,15.7,9.7,".283",".483",".358","0.841","5.28",,".292",".501",".366",".373",27.8,48.5
"Gore, MacKenzie",669022,2025,26,"11","62.1",256,232,57,39,9,1,8,93,20,36.3,7.8,".246",".397",".306","0.703","3.47",,".230",".410",".310",".307",34.6,50.1
"Gaddis, Hunter",683769,2025,27,"23","21.0",86,75,16,10,4,0,2,29,8,33.7,9.3,".213",".347",".298","0.645","0.86",,".195",".313",".286",".263",37.1,49.4
"Rolison, Ryan",669020,2025,27,"4","4.1",31,28,9,6,1,1,1,4,3,12.9,9.7,".321",".536",".387","0.923","6.23",,".296",".451",".399",".357",19.5,40.6
"Gibson, Kyle",502043,2025,37,"4","12.1",73,64,29,14,6,2,7,10,7,13.7,9.6,".453",".938",".493","1.431","16.78",,".353",".650",".585",".443",20.6,45
"Fairbanks, Pete",664126,2025,31,"22","21.0",94,82,15,10,5,0,0,22,12,23.4,12.8,".183",".244",".287","0.531","2.14",,".223",".289",".251",".283",26.7,43.7
"Mize, Casey",663554,2025,28,"7","42.2",188,177,38,27,3,1,7,41,10,21.8,5.3,".215",".362",".255","0.617","2.53",,".208",".369",".271",".268",28.4,49.5
"Dobbins, Hunter",690928,2025,25,"6","32.1",155,147,42,26,12,1,3,32,6,20.6,3.9,".286",".442",".323","0.765","3.62",,".246",".428",".334",".308",25.5,48.2
"Bummer, Aaron",607481,2025,31,"18","21.0",91,79,19,11,7,1,0,22,9,24.2,9.9,".241",".354",".319","0.673","3.43",,".214",".280",".286",".248",23.6,42.5
"Cecconi, Slade",677944,2025,26,"2","11.0",45,43,10,4,4,0,2,14,2,31.1,4.4,".233",".465",".267","0.732","3.27",,".262",".515",".315",".344",36.7,49.1
"Miller, Bobby",676272,2025,26,"1","3.0",28,25,11,7,2,0,2,7,2,25,7.1,".440",".760",".500","1.260","18.00",,".318",".588",".531",".408",17.6,44
"Sánchez, Cristopher",650911,2025,28,"9","49.1",230,206,48,32,10,0,6,65,20,28.3,8.7,".233",".369",".313","0.682","3.10",,".228",".337",".306",".291",29.9,46.7
"Patrick, Chad",694477,2025,26,"11","53.0",222,200,51,35,12,0,4,45,16,20.3,7.2,".255",".375",".317","0.692","3.23",,".262",".419",".306",".323",20.7,50
"Bellozo, Valente",678368,2025,25,"6","25.0",106,91,20,14,4,0,2,17,12,16,11.3,".220",".330",".321","0.651","2.88",,".234",".441",".297",".338",20.5,44.6
"Feltner, Ryan",663372,2025,28,"6","30.1",135,122,33,20,9,0,4,25,12,18.5,8.9,".270",".443",".333","0.776","4.75",,".231",".357",".340",".290",26.5,48.5
"Hader, Josh",623352,2025,31,"20","22.0",89,81,13,5,6,0,2,32,5,36,5.6,".160",".309",".216","0.525","1.64",,".163",".255",".232",".214",36.8,56.1
"Dunning, Dane",641540,2025,30,"1","3.0",14,12,4,3,0,0,1,3,2,21.4,14.3,".333",".583",".429","1.012","6.00",,".246",".405",".438",".340",24,48.1
"Buttó, José",676130,2025,27,"18","26.2",115,99,26,18,6,0,2,25,13,21.7,11.3,".263",".384",".351","0.735","3.38",,".279",".487",".329",".368",29,47.5
"Muñoz, Andrés",662253,2025,26,"23","22.2",85,74,8,8,0,0,0,28,8,32.9,9.4,".108",".108",".205","0.313","0.00",,".176",".232",".148",".222",36.1,47
"Alexander, Jason",669920,2025,32,"4","6.0",35,30,12,5,3,1,3,5,5,14.3,14.3,".400",".867",".486","1.353","18.00",,".330",".680",".559",".466",21.3,38.2
"Graceffo, Gordon",700669,2025,25,"7","13.2",58,55,13,5,6,1,1,10,2,17.2,3.4,".236",".436",".259","0.695","5.93",,".288",".543",".295",".360",20,52
"Megill, Tylor",656731,2025,29,"10","48.0",213,183,42,34,4,1,3,66,23,31,10.8,".230",".311",".324","0.635","3.56",,".228",".356",".291",".313",29.6,42.5
"Gausman, Kevin",592332,2025,34,"10","58.0",225,210,45,26,11,1,7,55,12,24.4,5.3,".214",".376",".253","0.629","4.03",,".252",".458",".272",".318",26,53.1
"Chafin, Andrew",605177,2025,35,"10","7.0",33,25,7,7,0,0,0,10,7,30.3,21.2,".280",".280",".438","0.718","1.29",,".183",".214",".347",".288",29.6,43.8
"Henriquez, Ronny",678692,2025,25,"21","23.2",108,91,19,14,3,0,2,33,13,30.6,12,".209",".308",".318","0.626","1.90",,".203",".382",".281",".301",36.4,47.8
"Darrell-Hicks, Michael",690382,2025,27,"6","7.2",38,31,10,8,1,0,1,6,4,15.8,10.5,".323",".452",".395","0.847","9.39",,".330",".607",".368",".446",22.8,42.5
"Horton, Cade",690990,2025,23,"3","14.1",63,58,17,13,1,0,3,10,3,15.9,4.8,".293",".466",".339","0.805","4.40",,".250",".389",".353",".302",25.2,49.6
"Montero, Rafael",606160,2025,34,"18","17.0",77,63,13,9,4,0,0,19,14,24.7,18.2,".206",".270",".351","0.621","4.76",,".223",".342",".291",".319",35.7,45.3
"Seabold, Connor",657756,2025,29,"1","2.2",13,11,5,5,0,0,0,1,1,7.7,7.7,".455",".455",".462","0.917","3.38",,".278",".438",".396",".328",17.4,60.5
"Detmers, Reid",672282,2025,25,"17","20.1",95,85,28,20,6,0,2,21,10,22.1,10.5,".329",".471",".400","0.871","7.52",,".266",".410",".381",".328",31.6,46.3
"Baz, Shane",669358,2025,26,"9","49.0",233,206,54,36,8,0,10,52,22,22.3,9.4,".262",".447",".341","0.788","5.33",,".246",".419",".347",".327",22.2,48.9
"Rodón, Carlos",607074,2025,32,"11","65.2",258,230,37,23,6,0,8,80,26,31,10.1,".161",".291",".245","0.536","2.88",,".200",".343",".244",".279",32.1,43.9
"Coulombe, Danny",543056,2025,35,"19","16.2",60,58,8,6,2,0,0,19,2,31.7,3.3,".138",".172",".167","0.339","0.00",,".187",".268",".154",".213",27,50.4
"Maldonado, Anthony",687424,2025,27,"4","3.0",16,15,6,3,2,0,1,5,1,31.3,6.3,".400",".733",".438","1.171","12.00",,".279",".496",".485",".328",42.9,45.9
"Krook, Matt",640454,2025,30,"3","3.1",15,13,5,3,2,0,0,3,1,20,6.7,".385",".538",".429","0.967","5.40",,".258",".459",".422",".331",21.2,46.5
"Cortes Jr., Nestor",641482,2025,30,"2","8.0",38,31,7,1,1,0,5,8,7,21.1,18.4,".226",".742",".368","1.110","9.00",,".235",".648",".458",".424",28.1,38
"Francis, Bowden",670102,2025,29,"10","50.1",218,196,55,34,5,1,15,40,16,18.3,7.3,".281",".546",".339","0.885","5.54",,".298",".525",".379",".381",22.3,47.2