team,side,player_name_x,player_id,game_id,player_name_y,Pitcher Handedness,pa,ab,hit,single,double,triple,home_run,walk,strikeout,batting_avg,slg_percent,sprint_speed
Toronto Blue Jays,home,Nathan Lukes,664770,777094,"Lukes, Nathan",L,23,17,3,2,1,0,0,3,4,0.1764705882352941,0.2352941176470588,26.7
Toronto Blue Jays,home,Nathan Lukes,664770,777094,"Lukes, Nathan",R,196,164,48,37,6,0,5,23,23,0.2926829268292683,0.4207317073170731,26.7
Toronto Blue Jays,home,George Springer,543807,777094,"Springer, George",L,97,77,16,10,1,0,5,15,18,0.2077922077922078,0.4155844155844156,27.9
Toronto Blue Jays,home,George Springer,543807,777094,"Springer, George",R,262,226,68,41,15,1,11,30,52,0.3008849557522124,0.5221238938053098,27.9
Toronto Blue Jays,home,Vladimir Guerrero Jr.,665489,777094,"Guerrero Jr., Vladimir",L,94,83,27,18,6,0,3,11,14,0.3253012048192771,0.5060240963855421,27.0
Toronto Blue Jays,home,Vladimir Guerrero Jr.,665489,777094,"Guerrero Jr., Vladimir",R,317,263,70,48,13,0,9,45,44,0.2661596958174905,0.4182509505703422,27.0
Toronto Blue Jays,home,Bo Bichette,666182,777094,"Bichette, Bo",L,92,85,22,15,4,0,3,5,12,0.2588235294117647,0.4117647058823529,26.1
Toronto Blue Jays,home,Bo Bichette,666182,777094,"Bichette, Bo",R,332,307,89,58,21,1,9,19,57,0.2899022801302932,0.4527687296416938,26.1
Toronto Blue Jays,home,Addison Barger,680718,777094,"Barger, Addison",L,47,43,9,5,3,0,1,4,15,0.2093023255813953,0.3488372093023256,27.7
Toronto Blue Jays,home,Addison Barger,680718,777094,"Barger, Addison",R,220,205,56,26,18,0,12,13,51,0.2731707317073171,0.5365853658536586,27.7
Toronto Blue Jays,home,Joey Loperfido,694388,777094,"Loperfido, Joey",L,7,6,3,3,0,0,0,1,1,0.5,0.5,27.6
Toronto Blue Jays,home,Joey Loperfido,694388,777094,"Loperfido, Joey",R,12,11,4,2,1,0,1,1,2,0.3636363636363636,0.7272727272727273,27.6
Toronto Blue Jays,home,Ernie Clement,676391,777094,"Clement, Ernie",L,112,101,39,23,12,0,4,7,8,0.3861386138613861,0.6237623762376238,28.6
Toronto Blue Jays,home,Ernie Clement,676391,777094,"Clement, Ernie",R,233,212,51,44,7,0,0,13,27,0.240566037735849,0.2735849056603773,28.6
Toronto Blue Jays,home,Will Wagner,695238,777094,"Wagner, Will",L,14,12,2,1,1,0,0,1,4,0.1666666666666666,0.25,26.5
Toronto Blue Jays,home,Will Wagner,695238,777094,"Wagner, Will",R,89,72,18,13,5,0,0,13,17,0.25,0.3194444444444444,26.5
Toronto Blue Jays,home,Tyler Heineman,623168,777094,"Heineman, Tyler",L,34,30,13,9,3,0,1,2,5,0.4333333333333333,0.6333333333333333,26.6
Toronto Blue Jays,home,Tyler Heineman,623168,777094,"Heineman, Tyler",R,60,51,14,11,2,0,1,6,13,0.2745098039215686,0.3725490196078431,26.6
San Francisco Giants,away,Heliot Ramos,671218,777094,"Ramos, Heliot",L,107,95,23,12,8,0,3,10,31,0.2421052631578947,0.4210526315789473,27.4
San Francisco Giants,away,Heliot Ramos,671218,777094,"Ramos, Heliot",R,308,272,75,54,9,1,11,31,69,0.2757352941176471,0.4375,27.4
San Francisco Giants,away,Rafael Devers,646240,777094,"Devers, Rafael",L,153,133,37,23,9,0,5,16,39,0.2781954887218045,0.4586466165413533,25.4
San Francisco Giants,away,Rafael Devers,646240,777094,"Devers, Rafael",R,288,229,57,30,15,0,12,53,71,0.2489082969432314,0.4716157205240174,25.4
San Francisco Giants,away,Wilmer Flores,527038,777094,"Flores, Wilmer",L,92,85,20,15,2,0,3,6,17,0.2352941176470588,0.3647058823529411,24.4
San Francisco Giants,away,Wilmer Flores,527038,777094,"Flores, Wilmer",R,256,218,56,42,6,0,8,29,42,0.2568807339449541,0.3944954128440367,24.4
San Francisco Giants,away,Matt Chapman,656305,777094,"Chapman, Matt",L,69,58,16,12,3,0,1,11,11,0.2758620689655172,0.3793103448275862,28.2
San Francisco Giants,away,Matt Chapman,656305,777094,"Chapman, Matt",R,243,207,46,25,10,0,11,34,63,0.2222222222222222,0.429951690821256,28.2
San Francisco Giants,away,Willy Adames,642715,777094,"Adames, Willy",L,108,96,15,9,2,1,3,9,33,0.15625,0.2916666666666667,27.8
San Francisco Giants,away,Willy Adames,642715,777094,"Adames, Willy",R,302,258,64,42,12,1,9,36,75,0.2480620155038759,0.4069767441860465,27.8
San Francisco Giants,away,Casey Schmitt,669477,777094,"Schmitt, Casey",L,52,44,10,8,2,0,0,7,13,0.2272727272727272,0.2727272727272727,27.3
San Francisco Giants,away,Casey Schmitt,669477,777094,"Schmitt, Casey",R,87,75,21,14,3,0,4,9,22,0.28,0.48,27.3
San Francisco Giants,away,Jung Hoo Lee,808982,777094,"Lee, Jung Hoo",L,99,91,24,15,3,3,3,7,20,0.2637362637362637,0.4615384615384615,28.1
San Francisco Giants,away,Jung Hoo Lee,808982,777094,"Lee, Jung Hoo",R,290,252,63,39,16,5,3,29,24,0.25,0.3888888888888889,28.1
San Francisco Giants,away,Luis Matos,682641,777094,"Matos, Luis",L,51,49,7,1,2,0,4,1,12,0.1428571428571428,0.4285714285714285,27.5
San Francisco Giants,away,Luis Matos,682641,777094,"Matos, Luis",R,48,44,9,5,3,0,1,4,5,0.2045454545454545,0.3409090909090909,27.5
San Francisco Giants,away,Patrick Bailey,672275,777094,"Bailey, Patrick",L,65,61,12,8,2,2,0,3,23,0.1967213114754098,0.2950819672131147,25.6
San Francisco Giants,away,Patrick Bailey,672275,777094,"Bailey, Patrick",R,189,163,35,24,9,0,2,18,56,0.2147239263803681,0.3067484662576687,25.6
New York Mets,home,Brandon Nimmo,607043,777092,"Nimmo, Brandon",L,115,103,27,19,3,0,5,10,25,0.2621359223300971,0.4368932038834951,27.3
New York Mets,home,Brandon Nimmo,607043,777092,"Nimmo, Brandon",R,271,244,65,37,15,0,13,23,49,0.2663934426229508,0.4877049180327868,27.3
New York Mets,home,Francisco Lindor,596019,777092,"Lindor, Francisco",L,117,106,25,17,4,0,4,9,18,0.2358490566037736,0.3867924528301887,27.3
New York Mets,home,Francisco Lindor,596019,777092,"Lindor, Francisco",R,316,277,74,45,14,0,15,32,58,0.2671480144404332,0.4801444043321299,27.3
New York Mets,home,Juan Soto,665742,777092,"Soto, Juan",L,131,104,27,18,4,0,5,21,35,0.2596153846153846,0.4423076923076923,26.0
New York Mets,home,Juan Soto,665742,777092,"Soto, Juan",R,289,229,63,33,11,0,19,49,44,0.2751091703056768,0.5720524017467249,26.0
New York Mets,home,Pete Alonso,624413,777092,"Alonso, Pete",L,110,96,20,8,7,0,5,13,31,0.2083333333333333,0.4375,25.7
New York Mets,home,Pete Alonso,624413,777092,"Alonso, Pete",R,313,268,81,45,19,1,16,41,66,0.3022388059701492,0.5597014925373134,25.7
New York Mets,home,Mark Vientos,668901,777092,"Vientos, Mark",L,67,64,12,7,3,1,1,2,12,0.1875,0.3125,26.0
New York Mets,home,Mark Vientos,668901,777092,"Vientos, Mark",R,191,171,40,27,7,1,5,17,52,0.2339181286549707,0.3742690058479532,26.0
New York Mets,home,Jeff McNeil,643446,777092,"McNeil, Jeff",L,38,34,10,8,0,2,0,4,5,0.2941176470588235,0.4117647058823529,26.0
New York Mets,home,Jeff McNeil,643446,777092,"McNeil, Jeff",R,192,164,41,23,7,2,9,22,20,0.25,0.4817073170731707,26.0
New York Mets,home,Ronny Mauricio,677595,777092,"Mauricio, Ronny",L,27,24,3,3,0,0,0,2,9,0.125,0.125,25.8
New York Mets,home,Ronny Mauricio,677595,777092,"Mauricio, Ronny",R,79,72,19,11,4,0,4,7,21,0.2638888888888889,0.4861111111111111,25.8
New York Mets,home,Brett Baty,683146,777092,"Baty, Brett",L,35,32,6,6,0,0,0,3,6,0.1875,0.1875,27.2
New York Mets,home,Brett Baty,683146,777092,"Baty, Brett",R,208,185,45,26,8,2,9,15,54,0.2432432432432432,0.4540540540540541,27.2
New York Mets,home,Luis Torrens,620443,777092,"Torrens, Luis",L,45,42,10,5,4,1,0,3,11,0.238095238095238,0.3809523809523809,26.7
New York Mets,home,Luis Torrens,620443,777092,"Torrens, Luis",R,151,135,28,20,6,0,2,14,35,0.2074074074074074,0.2962962962962963,26.7
Cincinnati Reds,away,TJ Friedl,670770,777092,"Friedl, TJ",L,117,98,25,20,1,1,3,14,19,0.2551020408163265,0.3775510204081632,26.8
Cincinnati Reds,away,TJ Friedl,670770,777092,"Friedl, TJ",R,301,252,72,51,14,1,6,42,47,0.2857142857142857,0.4206349206349206,26.8
Cincinnati Reds,away,Matt McLain,680574,777092,"McLain, Matt",L,87,73,16,10,4,0,2,13,25,0.2191780821917808,0.3561643835616438,29.2
Cincinnati Reds,away,Matt McLain,680574,777092,"McLain, Matt",R,274,240,52,36,7,0,9,28,72,0.2166666666666666,0.3583333333333333,29.2
Cincinnati Reds,away,Elly De La Cruz,682829,777092,"De La Cruz, Elly",L,130,121,29,21,3,0,5,7,39,0.2396694214876033,0.3884297520661157,29.1
Cincinnati Reds,away,Elly De La Cruz,682829,777092,"De La Cruz, Elly",R,282,250,77,46,15,3,13,30,64,0.308,0.548,29.1
Cincinnati Reds,away,Austin Hays,669720,777092,"Hays, Austin",L,51,44,17,6,6,3,2,6,8,0.3863636363636363,0.7954545454545454,27.4
Cincinnati Reds,away,Austin Hays,669720,777092,"Hays, Austin",R,145,134,36,24,3,1,8,6,42,0.2686567164179104,0.4850746268656716,27.4
Cincinnati Reds,away,Gavin Lux,666158,777092,"Lux, Gavin",L,50,42,8,7,1,0,0,7,15,0.1904761904761904,0.2142857142857142,27.8
Cincinnati Reds,away,Gavin Lux,666158,777092,"Lux, Gavin",R,261,227,64,43,16,1,4,31,58,0.2819383259911894,0.4140969162995594,27.8
Cincinnati Reds,away,Spencer Steer,668715,777092,"Steer, Spencer",L,88,82,18,12,4,0,2,5,26,0.2195121951219512,0.3414634146341463,28.3
Cincinnati Reds,away,Spencer Steer,668715,777092,"Steer, Spencer",R,268,243,63,42,11,1,9,23,58,0.2592592592592592,0.4238683127572016,28.3
Cincinnati Reds,away,Tyler Stephenson,663886,777092,"Stephenson, Tyler",L,55,44,13,6,5,0,2,9,13,0.2954545454545454,0.5454545454545454,26.7
Cincinnati Reds,away,Tyler Stephenson,663886,777092,"Stephenson, Tyler",R,165,146,33,21,7,0,5,14,65,0.2260273972602739,0.3767123287671233,26.7
Cincinnati Reds,away,Jake Fraley,641584,777092,"Fraley, Jake",L,6,4,1,1,0,0,0,2,1,0.25,0.25,28.3
Cincinnati Reds,away,Jake Fraley,641584,777092,"Fraley, Jake",R,142,121,27,18,4,0,5,19,28,0.2231404958677686,0.3801652892561983,28.3
Cincinnati Reds,away,Noelvi Marte,682622,777092,"Marte, Noelvi",L,36,29,7,7,0,0,0,6,10,0.2413793103448276,0.2413793103448276,29.2
Cincinnati Reds,away,Noelvi Marte,682622,777092,"Marte, Noelvi",R,73,67,21,9,5,1,6,2,9,0.3134328358208955,0.6865671641791045,29.2
Miami Marlins,home,Xavier Edwards,669364,777093,"Edwards, Xavier",L,104,90,22,19,2,1,0,8,17,0.2444444444444444,0.2888888888888888,28.1
Miami Marlins,home,Xavier Edwards,669364,777093,"Edwards, Xavier",R,257,227,71,57,13,0,1,24,34,0.3127753303964757,0.3832599118942731,28.1
Miami Marlins,home,Jesús Sánchez,660821,777093,"Sánchez, Jesús",L,49,45,6,4,1,0,1,4,14,0.1333333333333333,0.2222222222222222,26.9
Miami Marlins,home,Jesús Sánchez,660821,777093,"Sánchez, Jesús",R,248,221,64,43,10,4,7,21,46,0.2895927601809955,0.4660633484162896,26.9
Miami Marlins,home,Otto Lopez,672640,777093,"Lopez, Otto",L,106,100,21,17,2,0,2,5,16,0.21,0.29,28.5
Miami Marlins,home,Otto Lopez,672640,777093,"Lopez, Otto",R,225,192,54,37,8,0,9,24,30,0.28125,0.4635416666666667,28.5
Miami Marlins,home,Agustín Ramírez,682663,777093,"Ramírez, Agustín",L,80,73,18,11,2,1,4,5,22,0.2465753424657534,0.4657534246575342,26.7
Miami Marlins,home,Agustín Ramírez,682663,777093,"Ramírez, Agustín",R,226,209,52,24,18,0,10,13,34,0.2488038277511961,0.4784688995215311,26.7
Miami Marlins,home,Kyle Stowers,669065,777093,"Stowers, Kyle",L,76,66,20,15,4,1,0,9,14,0.303030303030303,0.3939393939393939,27.1
Miami Marlins,home,Kyle Stowers,669065,777093,"Stowers, Kyle",R,274,242,72,40,9,2,21,28,85,0.2975206611570248,0.6115702479338843,27.1
Miami Marlins,home,Eric Wagaman,676572,777093,"Wagaman, Eric",L,109,103,28,17,7,1,3,4,20,0.2718446601941747,0.4466019417475728,26.8
Miami Marlins,home,Eric Wagaman,676572,777093,"Wagaman, Eric",R,239,215,50,35,13,0,2,17,48,0.2325581395348837,0.3209302325581395,26.8
Miami Marlins,home,Liam Hicks,689414,777093,"Hicks, Liam",L,34,26,5,3,2,0,0,5,7,0.1923076923076923,0.2692307692307692,25.9
Miami Marlins,home,Liam Hicks,689414,777093,"Hicks, Liam",R,169,144,42,30,7,1,4,21,24,0.2916666666666667,0.4375,25.9
Miami Marlins,home,Dane Myers,667472,777093,"Myers, Dane",L,74,67,23,15,6,0,2,7,9,0.3432835820895522,0.5223880597014925,28.2
Miami Marlins,home,Dane Myers,667472,777093,"Myers, Dane",R,148,137,34,30,2,0,2,8,40,0.2481751824817518,0.3065693430656934,28.2
Miami Marlins,home,Graham Pauley,688363,777093,"Pauley, Graham",L,16,12,3,1,2,0,0,3,2,0.25,0.4166666666666667,26.7
Miami Marlins,home,Graham Pauley,688363,777093,"Pauley, Graham",R,82,76,16,12,4,0,0,4,20,0.2105263157894736,0.2631578947368421,26.7
Kansas City Royals,away,Jonathan India,663697,777093,"India, Jonathan",L,72,60,17,13,3,0,1,10,14,0.2833333333333333,0.3833333333333333,28.1
Kansas City Royals,away,Jonathan India,663697,777093,"India, Jonathan",R,319,283,69,48,18,0,3,31,52,0.2438162544169611,0.3392226148409894,28.1
Kansas City Royals,away,Bobby Witt Jr.,677951,777093,"Witt Jr., Bobby",L,80,72,26,17,8,1,0,5,14,0.3611111111111111,0.5,30.3
Kansas City Royals,away,Bobby Witt Jr.,677951,777093,"Witt Jr., Bobby",R,339,307,87,47,24,2,14,22,65,0.2833876221498371,0.511400651465798,30.3
Kansas City Royals,away,Vinnie Pasquantino,686469,777093,"Pasquantino, Vinnie",L,99,90,20,14,2,0,4,5,28,0.2222222222222222,0.3777777777777777,25.4
Kansas City Royals,away,Vinnie Pasquantino,686469,777093,"Pasquantino, Vinnie",R,309,277,81,57,12,1,11,25,41,0.2924187725631769,0.4620938628158845,25.4
Kansas City Royals,away,Maikel Garcia,672580,777093,"Garcia, Maikel",L,81,73,25,15,6,1,3,5,16,0.3424657534246575,0.5753424657534246,27.7
Kansas City Royals,away,Maikel Garcia,672580,777093,"Garcia, Maikel",R,313,281,81,55,19,2,5,27,37,0.2882562277580071,0.4234875444839858,27.7
Kansas City Royals,away,Salvador Perez,521692,777093,"Perez, Salvador",L,87,85,19,13,5,0,1,2,20,0.2235294117647059,0.3176470588235294,24.8
Kansas City Royals,away,Salvador Perez,521692,777093,"Perez, Salvador",R,296,273,70,38,20,0,12,18,57,0.2564102564102564,0.4615384615384615,24.8
Kansas City Royals,away,Nick Loftin,679845,777093,"Loftin, Nick",L,30,28,6,4,1,0,1,2,6,0.2142857142857142,0.3571428571428571,28.2
Kansas City Royals,away,Nick Loftin,679845,777093,"Loftin, Nick",R,77,72,14,6,4,2,2,4,10,0.1944444444444444,0.3888888888888889,28.2
Kansas City Royals,away,Freddy Fermin,666023,777093,"Fermin, Freddy",L,63,60,16,14,1,0,1,3,15,0.2666666666666666,0.3333333333333333,26.9
Kansas City Royals,away,Freddy Fermin,666023,777093,"Fermin, Freddy",R,116,104,29,22,6,0,1,10,15,0.2788461538461538,0.3653846153846153,26.9
Kansas City Royals,away,John Rave,670231,777093,"Rave, John",L,7,5,2,2,0,0,0,1,1,0.4,0.4,29.2
Kansas City Royals,away,John Rave,670231,777093,"Rave, John",R,77,67,12,6,4,0,2,8,20,0.1791044776119403,0.3283582089552239,29.2
Kansas City Royals,away,Tyler Tolbert,686475,777093,"Tolbert, Tyler",L,7,6,1,1,0,0,0,1,1,0.1666666666666666,0.1666666666666666,27.3
Kansas City Royals,away,Tyler Tolbert,686475,777093,"Tolbert, Tyler",R,7,7,1,1,0,0,0,0,3,0.1428571428571428,0.1428571428571428,27.3
Philadelphia Phillies,home,Trea Turner,607208,777089,"Turner, Trea",L,129,120,37,27,5,2,3,6,20,0.3083333333333333,0.4583333333333333,30.3
Philadelphia Phillies,home,Trea Turner,607208,777089,"Turner, Trea",R,300,263,76,54,14,0,8,26,51,0.2889733840304182,0.4334600760456273,30.3
Philadelphia Phillies,home,Kyle Schwarber,656941,777089,"Schwarber, Kyle",L,155,123,36,16,5,1,14,29,38,0.2926829268292683,0.6910569105691057,26.0
Philadelphia Phillies,home,Kyle Schwarber,656941,777089,"Schwarber, Kyle",R,272,228,52,27,8,0,17,41,76,0.2280701754385964,0.4868421052631579,26.0
Philadelphia Phillies,home,Bryce Harper,547180,777089,"Harper, Bryce",L,113,101,29,18,5,0,6,10,25,0.2871287128712871,0.5148514851485149,26.9
Philadelphia Phillies,home,Bryce Harper,547180,777089,"Harper, Bryce",R,191,152,40,20,14,0,6,35,35,0.2631578947368421,0.4736842105263157,26.9
Philadelphia Phillies,home,Nick Castellanos,592206,777089,"Castellanos, Nick",L,117,105,31,20,9,0,2,10,22,0.2952380952380952,0.4380952380952381,27.7
Philadelphia Phillies,home,Nick Castellanos,592206,777089,"Castellanos, Nick",R,277,252,68,44,13,1,10,15,58,0.2698412698412698,0.4484126984126984,27.7
Philadelphia Phillies,home,J.T. Realmuto,592663,777089,"Realmuto, J.T.",L,95,90,15,9,6,0,0,4,24,0.1666666666666666,0.2333333333333333,28.3
Philadelphia Phillies,home,J.T. Realmuto,592663,777089,"Realmuto, J.T.",R,232,210,67,49,12,1,5,20,53,0.319047619047619,0.4571428571428571,28.3
Philadelphia Phillies,home,Otto Kemp,805249,777089,"Kemp, Otto",L,29,24,6,5,1,0,0,4,10,0.25,0.2916666666666667,29.2
Philadelphia Phillies,home,Otto Kemp,805249,777089,"Kemp, Otto",R,69,64,16,11,4,0,1,5,18,0.25,0.359375,29.2
Philadelphia Phillies,home,Edmundo Sosa,624641,777089,"Sosa, Edmundo",L,73,65,22,16,3,0,3,7,17,0.3384615384615385,0.5230769230769231,29.5
Philadelphia Phillies,home,Edmundo Sosa,624641,777089,"Sosa, Edmundo",R,73,69,15,9,5,1,0,2,13,0.217391304347826,0.3188405797101449,29.5
Philadelphia Phillies,home,Brandon Marsh,669016,777089,"Marsh, Brandon",L,52,43,9,8,0,0,1,6,19,0.2093023255813953,0.2790697674418604,28.5
Philadelphia Phillies,home,Brandon Marsh,669016,777089,"Marsh, Brandon",R,179,153,42,29,10,1,2,17,37,0.2745098039215686,0.392156862745098,28.5
Philadelphia Phillies,home,Johan Rojas,679032,777089,"Rojas, Johan",L,70,63,15,12,1,1,1,5,12,0.238095238095238,0.3333333333333333,30.2
Philadelphia Phillies,home,Johan Rojas,679032,777089,"Rojas, Johan",R,86,75,17,14,2,1,0,6,25,0.2266666666666666,0.28,30.2
Los Angeles Angels,away,Zach Neto,687263,777089,"Neto, Zach",L,69,65,13,5,4,0,4,3,20,0.2,0.4461538461538462,28.1
Los Angeles Angels,away,Zach Neto,687263,777089,"Neto, Zach",R,263,242,73,46,15,1,11,18,67,0.3016528925619834,0.5082644628099173,28.1
Los Angeles Angels,away,Nolan Schanuel,694384,777089,"Schanuel, Nolan",L,92,79,21,18,2,0,1,8,11,0.2658227848101265,0.3291139240506329,25.9
Los Angeles Angels,away,Nolan Schanuel,694384,777089,"Schanuel, Nolan",R,307,262,74,51,15,1,7,38,36,0.2824427480916031,0.4274809160305343,25.9
Los Angeles Angels,away,Mike Trout,545361,777089,"Trout, Mike",L,55,52,12,8,3,0,1,2,22,0.2307692307692307,0.3461538461538461,28.1
Los Angeles Angels,away,Mike Trout,545361,777089,"Trout, Mike",R,243,197,48,29,2,1,16,41,61,0.2436548223350254,0.5076142131979695,28.1
Los Angeles Angels,away,Taylor Ward,621493,777089,"Ward, Taylor",L,75,70,18,5,8,0,5,5,28,0.2571428571428571,0.5857142857142857,27.4
Los Angeles Angels,away,Taylor Ward,621493,777089,"Ward, Taylor",R,337,288,64,32,13,2,17,35,82,0.2222222222222222,0.4583333333333333,27.4
Los Angeles Angels,away,Jo Adell,666176,777089,"Adell, Jo",L,67,59,15,6,4,0,5,7,15,0.2542372881355932,0.576271186440678,27.7
Los Angeles Angels,away,Jo Adell,666176,777089,"Adell, Jo",R,263,232,57,33,9,0,15,25,63,0.2456896551724137,0.4784482758620689,27.7
Los Angeles Angels,away,Yoán Moncada,660162,777089,"Moncada, Yoán",L,23,19,2,1,1,0,0,3,6,0.1052631578947368,0.1578947368421052,26.7
Los Angeles Angels,away,Yoán Moncada,660162,777089,"Moncada, Yoán",R,111,96,25,12,5,1,7,14,26,0.2604166666666667,0.5520833333333334,26.7
Los Angeles Angels,away,Travis d'Arnaud,518595,777089,"d'Arnaud, Travis",L,36,34,8,4,2,0,2,2,14,0.2352941176470588,0.4705882352941176,26.3
Los Angeles Angels,away,Travis d'Arnaud,518595,777089,"d'Arnaud, Travis",R,115,107,26,15,7,0,4,7,34,0.2429906542056074,0.4205607476635514,26.3
Los Angeles Angels,away,LaMonte Wade Jr.,664774,777089,"Wade Jr., LaMonte",L,26,21,1,1,0,0,0,4,6,0.0476190476190476,0.0476190476190476,26.0
Los Angeles Angels,away,LaMonte Wade Jr.,664774,777089,"Wade Jr., LaMonte",R,193,165,30,19,8,2,1,23,44,0.1818181818181818,0.2727272727272727,26.0
Los Angeles Angels,away,Luis Rengifo,650859,777089,"Rengifo, Luis",L,69,68,14,10,1,1,2,0,15,0.2058823529411764,0.3382352941176471,27.0
Los Angeles Angels,away,Luis Rengifo,650859,777089,"Rengifo, Luis",R,270,243,60,47,11,0,2,18,47,0.2469135802469135,0.3168724279835391,27.0
Pittsburgh Pirates,home,Tommy Pham,502054,777090,"Pham, Tommy",L,59,53,11,10,0,0,1,4,15,0.2075471698113207,0.2641509433962264,27.5
Pittsburgh Pirates,home,Tommy Pham,502054,777090,"Pham, Tommy",R,179,154,41,30,8,0,3,18,42,0.2662337662337662,0.3766233766233766,27.5
Pittsburgh Pirates,home,Andrew McCutchen,457705,777090,"McCutchen, Andrew",L,97,86,26,19,6,0,1,10,24,0.3023255813953488,0.4069767441860465,27.2
Pittsburgh Pirates,home,Andrew McCutchen,457705,777090,"McCutchen, Andrew",R,251,215,51,36,8,0,7,27,50,0.2372093023255814,0.3720930232558139,27.2
Pittsburgh Pirates,home,Bryan Reynolds,668804,777090,"Reynolds, Bryan",L,103,95,23,12,5,0,6,7,35,0.2421052631578947,0.4842105263157895,27.9
Pittsburgh Pirates,home,Bryan Reynolds,668804,777090,"Reynolds, Bryan",R,289,261,58,39,13,2,4,24,71,0.2222222222222222,0.3333333333333333,27.9
Pittsburgh Pirates,home,Nick Gonzales,693304,777090,"Gonzales, Nick",L,34,30,7,3,2,1,1,4,5,0.2333333333333333,0.4666666666666667,28.7
Pittsburgh Pirates,home,Nick Gonzales,693304,777090,"Gonzales, Nick",R,114,102,28,21,3,1,3,8,17,0.2745098039215686,0.4117647058823529,28.7
Pittsburgh Pirates,home,Oneil Cruz,665833,777090,"Cruz, Oneil",L,95,81,11,6,3,1,1,13,36,0.1358024691358024,0.2345679012345679,29.3
Pittsburgh Pirates,home,Oneil Cruz,665833,777090,"Cruz, Oneil",R,264,223,56,32,9,0,15,33,80,0.2511210762331838,0.4932735426008968,29.3
Pittsburgh Pirates,home,Ke'Bryan Hayes,663647,777090,"Hayes, Ke'Bryan",L,82,78,17,14,3,0,0,2,18,0.2179487179487179,0.2564102564102564,27.1
Pittsburgh Pirates,home,Ke'Bryan Hayes,663647,777090,"Hayes, Ke'Bryan",R,271,246,61,52,5,2,2,19,56,0.2479674796747967,0.3089430894308943,27.1
Pittsburgh Pirates,home,Spencer Horwitz,687462,777090,"Horwitz, Spencer",L,24,23,3,2,1,0,0,1,10,0.1304347826086956,0.1739130434782608,25.2
Pittsburgh Pirates,home,Spencer Horwitz,687462,777090,"Horwitz, Spencer",R,159,144,35,24,9,0,2,14,31,0.2430555555555555,0.3472222222222222,25.2
Pittsburgh Pirates,home,Henry Davis,680779,777090,"Davis, Henry",L,37,34,6,4,0,0,2,3,9,0.1764705882352941,0.3529411764705882,28.1
Pittsburgh Pirates,home,Henry Davis,680779,777090,"Davis, Henry",R,110,96,20,13,5,0,2,8,25,0.2083333333333333,0.3229166666666667,28.1
Pittsburgh Pirates,home,Isiah Kiner-Falefa,643396,777090,"Kiner-Falefa, Isiah",L,79,74,17,16,0,0,1,3,12,0.2297297297297297,0.2702702702702703,27.3
Pittsburgh Pirates,home,Isiah Kiner-Falefa,643396,777090,"Kiner-Falefa, Isiah",R,223,199,60,46,12,2,0,15,35,0.3015075376884422,0.3819095477386934,27.3
Chicago White Sox,away,Mike Tauchman,643565,777090,"Tauchman, Mike",L,30,23,6,3,1,0,2,5,8,0.2608695652173913,0.5652173913043478,25.1
Chicago White Sox,away,Mike Tauchman,643565,777090,"Tauchman, Mike",R,154,132,39,27,9,1,2,19,33,0.2954545454545454,0.4242424242424242,25.1
Chicago White Sox,away,Chase Meidroth,805367,777090,"Meidroth, Chase",L,90,79,20,18,1,0,1,9,14,0.2531645569620253,0.3037974683544304,27.1
Chicago White Sox,away,Chase Meidroth,805367,777090,"Meidroth, Chase",R,211,179,43,36,6,0,1,26,26,0.2402234636871508,0.2905027932960894,27.1
Chicago White Sox,away,Andrew Benintendi,643217,777090,"Benintendi, Andrew",L,51,47,13,5,3,1,4,1,13,0.2765957446808511,0.6382978723404256,26.9
Chicago White Sox,away,Andrew Benintendi,643217,777090,"Benintendi, Andrew",R,223,193,45,29,8,1,7,22,30,0.233160621761658,0.3937823834196891,26.9
Chicago White Sox,away,Miguel Vargas,678246,777090,"Vargas, Miguel",L,99,89,18,7,9,1,1,8,23,0.2022471910112359,0.3595505617977528,27.3
Chicago White Sox,away,Miguel Vargas,678246,777090,"Vargas, Miguel",R,287,250,56,33,13,1,9,33,42,0.224,0.392,27.3
Chicago White Sox,away,Kyle Teel,691019,777090,"Teel, Kyle",L,11,9,1,0,1,0,0,1,7,0.1111111111111111,0.2222222222222222,27.4
Chicago White Sox,away,Kyle Teel,691019,777090,"Teel, Kyle",R,76,60,15,12,3,0,0,15,17,0.25,0.3,27.4
Chicago White Sox,away,Luis Robert Jr.,673357,777090,"Robert Jr., Luis",L,78,62,18,11,2,0,5,12,18,0.2903225806451613,0.5645161290322581,29.0
Chicago White Sox,away,Luis Robert Jr.,673357,777090,"Robert Jr., Luis",R,229,200,35,23,7,0,5,19,74,0.175,0.285,29.0
Chicago White Sox,away,Colson Montgomery,695657,777090,"Montgomery, Colson",L,12,11,1,1,0,0,0,1,4,0.0909090909090909,0.0909090909090909,27.5
Chicago White Sox,away,Colson Montgomery,695657,777090,"Montgomery, Colson",R,27,20,8,6,1,1,0,5,5,0.4,0.55,27.5
Chicago White Sox,away,Lenyn Sosa,672820,777090,"Sosa, Lenyn",L,86,81,20,15,4,0,1,2,24,0.2469135802469135,0.3333333333333333,26.6
Chicago White Sox,away,Lenyn Sosa,672820,777090,"Sosa, Lenyn",R,217,207,58,39,10,1,8,7,48,0.2801932367149758,0.4541062801932367,26.6
Chicago White Sox,away,Josh Rojas,668942,777090,"Rojas, Josh",L,23,21,4,2,2,0,0,0,7,0.1904761904761904,0.2857142857142857,26.3
Chicago White Sox,away,Josh Rojas,668942,777090,"Rojas, Josh",R,154,134,24,18,5,0,1,15,38,0.1791044776119403,0.2388059701492537,26.3
Washington Nationals,home,CJ Abrams,682928,777091,"Abrams, CJ",L,106,97,30,21,4,1,4,9,20,0.3092783505154639,0.4948453608247423,28.2
Washington Nationals,home,CJ Abrams,682928,777091,"Abrams, CJ",R,264,231,65,37,16,3,9,24,40,0.2813852813852814,0.4935064935064935,28.2
Washington Nationals,home,James Wood,695578,777091,"Wood, James",L,137,125,37,23,5,0,9,11,36,0.296,0.552,28.0
Washington Nationals,home,James Wood,695578,777091,"Wood, James",R,280,229,62,33,14,0,15,43,83,0.2707423580786026,0.5283842794759825,28.0
Washington Nationals,home,Luis García Jr.,671277,777091,"García Jr., Luis",L,57,49,10,8,2,0,0,5,6,0.2040816326530612,0.2448979591836734,26.5
Washington Nationals,home,Luis García Jr.,671277,777091,"García Jr., Luis",R,275,251,69,44,18,0,7,15,41,0.2749003984063745,0.4302788844621514,26.5
Washington Nationals,home,Josh Bell,605137,777091,"Bell, Josh",L,64,53,7,4,1,1,1,8,16,0.1320754716981132,0.2452830188679245,24.7
Washington Nationals,home,Josh Bell,605137,777091,"Bell, Josh",R,266,234,58,40,8,0,10,29,41,0.2478632478632478,0.4102564102564102,24.7
Washington Nationals,home,Nathaniel Lowe,663993,777091,"Lowe, Nathaniel",L,122,110,21,15,5,0,1,9,43,0.1909090909090909,0.2636363636363636,26.1
Washington Nationals,home,Nathaniel Lowe,663993,777091,"Lowe, Nathaniel",R,285,255,64,40,9,2,13,26,68,0.2509803921568627,0.4549019607843137,26.1
Washington Nationals,home,Brady House,691781,777091,"House, Brady",L,24,22,4,3,1,0,0,1,8,0.1818181818181818,0.2272727272727272,27.5
Washington Nationals,home,Brady House,691781,777091,"House, Brady",R,78,74,21,15,4,0,2,3,15,0.2837837837837837,0.4189189189189189,27.5
Washington Nationals,home,Daylen Lile,695734,777091,"Lile, Daylen",L,14,14,3,2,0,0,1,0,3,0.2142857142857142,0.4285714285714285,28.9
Washington Nationals,home,Daylen Lile,695734,777091,"Lile, Daylen",R,111,98,23,16,5,1,1,8,16,0.2346938775510204,0.336734693877551,28.9
Washington Nationals,home,Drew Millas,686452,777091,"Millas, Drew",L,2,2,0,0,0,0,0,0,1,0.0,0.0,27.1
Washington Nationals,home,Drew Millas,686452,777091,"Millas, Drew",R,11,8,2,1,1,0,0,1,0,0.25,0.375,27.1
Washington Nationals,home,Jacob Young,696285,777091,"Young, Jacob",L,49,39,11,9,2,0,0,8,5,0.282051282051282,0.3333333333333333,29.4
Washington Nationals,home,Jacob Young,696285,777091,"Young, Jacob",R,181,159,38,32,5,1,0,12,27,0.2389937106918239,0.2830188679245283,29.4
San Diego Padres,away,Fernando Tatis Jr.,665487,777091,"Tatis Jr., Fernando",L,115,98,23,17,3,1,2,13,25,0.2346938775510204,0.3469387755102041,28.8
San Diego Padres,away,Fernando Tatis Jr.,665487,777091,"Tatis Jr., Fernando",R,296,254,74,49,10,1,14,35,48,0.2913385826771653,0.5039370078740157,28.8
San Diego Padres,away,Luis Arraez,650333,777091,"Arraez, Luis",L,135,123,32,26,3,0,3,5,6,0.2601626016260163,0.3577235772357723,26.4
San Diego Padres,away,Luis Arraez,650333,777091,"Arraez, Luis",R,264,243,72,52,14,4,2,16,5,0.2962962962962963,0.411522633744856,26.4
San Diego Padres,away,Manny Machado,592518,777091,"Machado, Manny",L,126,109,30,16,4,0,10,13,22,0.2752293577981651,0.5871559633027523,25.8
San Diego Padres,away,Manny Machado,592518,777091,"Machado, Manny",R,286,256,78,52,18,0,8,21,46,0.3046875,0.46875,25.8
San Diego Padres,away,Gavin Sheets,657757,777091,"Sheets, Gavin",L,99,91,26,20,4,1,1,5,19,0.2857142857142857,0.3846153846153846,27.0
San Diego Padres,away,Gavin Sheets,657757,777091,"Sheets, Gavin",R,254,227,58,34,11,0,13,24,52,0.2555066079295154,0.4757709251101321,27.0
San Diego Padres,away,Xander Bogaerts,593428,777091,"Bogaerts, Xander",L,117,103,33,25,7,0,1,9,19,0.3203883495145631,0.4174757281553398,27.7
San Diego Padres,away,Xander Bogaerts,593428,777091,"Bogaerts, Xander",R,268,226,57,40,13,0,4,30,43,0.252212389380531,0.3628318584070796,27.7
San Diego Padres,away,Jackson Merrill,701538,777091,"Merrill, Jackson",L,101,89,23,14,6,1,2,7,18,0.2584269662921348,0.4157303370786517,28.3
San Diego Padres,away,Jackson Merrill,701538,777091,"Merrill, Jackson",R,176,155,42,30,6,1,5,18,42,0.2709677419354839,0.4193548387096774,28.3
San Diego Padres,away,Jose Iglesias,578428,777091,"Iglesias, Jose",L,79,68,18,12,6,0,0,6,16,0.2647058823529412,0.3529411764705882,27.9
San Diego Padres,away,Jose Iglesias,578428,777091,"Iglesias, Jose",R,126,110,25,25,0,0,0,11,21,0.2272727272727272,0.2272727272727272,27.9
San Diego Padres,away,Jake Cronenworth,630105,777091,"Cronenworth, Jake",L,88,70,17,12,2,0,3,12,19,0.2428571428571428,0.4,28.3
San Diego Padres,away,Jake Cronenworth,630105,777091,"Cronenworth, Jake",R,188,153,38,23,9,1,5,30,35,0.2483660130718954,0.4183006535947712,28.3
San Diego Padres,away,Martín Maldonado,455117,777091,"Maldonado, Martín",L,45,38,11,8,2,0,1,4,14,0.2894736842105263,0.4210526315789473,23.1
San Diego Padres,away,Martín Maldonado,455117,777091,"Maldonado, Martín",R,97,88,12,8,1,0,3,3,38,0.1363636363636363,0.25,23.1
Tampa Bay Rays,home,Chandler Simpson,802415,777095,"Simpson, Chandler",L,50,46,15,15,0,0,0,2,4,0.3260869565217391,0.3260869565217391,29.9
Tampa Bay Rays,home,Chandler Simpson,802415,777095,"Simpson, Chandler",R,154,138,45,37,7,1,0,8,14,0.3260869565217391,0.391304347826087,29.9
Tampa Bay Rays,home,Brandon Lowe,664040,777095,"Lowe, Brandon",L,75,67,13,10,0,0,3,4,18,0.1940298507462686,0.3283582089552239,26.6
Tampa Bay Rays,home,Brandon Lowe,664040,777095,"Lowe, Brandon",R,273,249,74,47,11,0,16,20,69,0.2971887550200803,0.5341365461847389,26.6
Tampa Bay Rays,home,Yandy Díaz,650490,777095,"Díaz, Yandy",L,109,95,22,13,4,0,5,12,8,0.231578947368421,0.431578947368421,26.1
Tampa Bay Rays,home,Yandy Díaz,650490,777095,"Díaz, Yandy",R,297,270,86,61,14,1,10,18,46,0.3185185185185185,0.4888888888888889,26.1
Tampa Bay Rays,home,Jonathan Aranda,666018,777095,"Aranda, Jonathan",L,81,69,22,19,3,0,0,10,21,0.3188405797101449,0.3623188405797101,25.9
Tampa Bay Rays,home,Jonathan Aranda,666018,777095,"Aranda, Jonathan",R,280,246,80,52,17,0,11,29,66,0.3252032520325203,0.5284552845528455,25.9
Tampa Bay Rays,home,Junior Caminero,691406,777095,"Caminero, Junior",L,103,94,23,13,4,0,6,4,21,0.2446808510638297,0.4787234042553192,26.6
Tampa Bay Rays,home,Junior Caminero,691406,777095,"Caminero, Junior",R,285,259,70,36,15,0,19,17,56,0.2702702702702703,0.5482625482625483,26.6
Tampa Bay Rays,home,Josh Lowe,666139,777095,"Lowe, Josh",L,47,45,11,5,5,0,1,2,12,0.2444444444444444,0.4222222222222222,27.9
Tampa Bay Rays,home,Josh Lowe,666139,777095,"Lowe, Josh",R,169,148,37,25,7,0,5,17,32,0.25,0.3986486486486486,27.9
Tampa Bay Rays,home,Jake Mangum,663968,777095,"Mangum, Jake",L,68,60,17,15,2,0,0,3,6,0.2833333333333333,0.3166666666666666,28.8
Tampa Bay Rays,home,Jake Mangum,663968,777095,"Mangum, Jake",R,167,154,51,40,8,1,2,11,23,0.3311688311688311,0.435064935064935,28.8
Tampa Bay Rays,home,Ha-Seong Kim,673490,777095,"Kim, Ha-Seong",L,5,4,0,0,0,0,0,0,1,0.0,0.0,27.6
Tampa Bay Rays,home,Ha-Seong Kim,673490,777095,"Kim, Ha-Seong",R,21,20,5,3,1,0,1,1,6,0.25,0.45,27.6
Tampa Bay Rays,home,Matt Thaiss,642136,777095,"Thaiss, Matt",L,25,21,4,2,2,0,0,3,5,0.1904761904761904,0.2857142857142857,25.2
Tampa Bay Rays,home,Matt Thaiss,642136,777095,"Thaiss, Matt",R,148,119,28,23,3,1,1,27,36,0.2352941176470588,0.3025210084033613,25.2
Baltimore Orioles,away,Jackson Holliday,702616,777095,"Holliday, Jackson",L,96,90,22,16,4,0,2,6,31,0.2444444444444444,0.3555555555555555,28.7
Baltimore Orioles,away,Jackson Holliday,702616,777095,"Holliday, Jackson",R,281,258,68,46,10,2,10,19,63,0.2635658914728682,0.4341085271317829,28.7
Baltimore Orioles,away,Jordan Westburg,676059,777095,"Westburg, Jordan",L,52,46,12,9,1,0,2,4,12,0.2608695652173913,0.4130434782608695,29.1
Baltimore Orioles,away,Jordan Westburg,676059,777095,"Westburg, Jordan",R,131,119,30,17,4,1,8,9,33,0.2521008403361344,0.5042016806722689,29.1
Baltimore Orioles,away,Gunnar Henderson,683002,777095,"Henderson, Gunnar",L,119,110,24,17,5,0,2,8,33,0.2181818181818181,0.3181818181818182,28.3
Baltimore Orioles,away,Gunnar Henderson,683002,777095,"Henderson, Gunnar",R,252,225,72,43,16,4,9,23,55,0.32,0.5466666666666666,28.3
Baltimore Orioles,away,Ryan O'Hearn,656811,777095,"O'Hearn, Ryan",L,58,50,11,8,3,0,0,8,12,0.22,0.28,27.6
Baltimore Orioles,away,Ryan O'Hearn,656811,777095,"O'Hearn, Ryan",R,265,224,67,45,11,0,11,34,41,0.2991071428571428,0.4955357142857143,27.6
Baltimore Orioles,away,Ramón Laureano,657656,777095,"Laureano, Ramón",L,84,70,18,12,4,0,2,8,19,0.2571428571428571,0.4,27.7
Baltimore Orioles,away,Ramón Laureano,657656,777095,"Laureano, Ramón",R,157,138,42,21,12,0,9,14,39,0.3043478260869565,0.5869565217391305,27.7
Baltimore Orioles,away,Colton Cowser,681297,777095,"Cowser, Colton",L,40,36,6,5,0,0,1,4,13,0.1666666666666666,0.25,27.1
Baltimore Orioles,away,Colton Cowser,681297,777095,"Cowser, Colton",R,111,103,27,13,7,0,7,8,32,0.2621359223300971,0.5339805825242718,27.1
Baltimore Orioles,away,Tyler O'Neill,641933,777095,"O'Neill, Tyler",L,31,29,3,2,0,0,1,2,13,0.1034482758620689,0.2068965517241379,28.5
Baltimore Orioles,away,Tyler O'Neill,641933,777095,"O'Neill, Tyler",R,86,72,15,9,3,1,2,11,19,0.2083333333333333,0.3611111111111111,28.5
Baltimore Orioles,away,Ramón Urías,602104,777095,"Urías, Ramón",L,64,57,15,11,2,0,2,6,15,0.2631578947368421,0.4035087719298245,27.0
Baltimore Orioles,away,Ramón Urías,602104,777095,"Urías, Ramón",R,192,167,40,29,7,0,4,14,37,0.2395209580838323,0.3532934131736527,27.0
Baltimore Orioles,away,Jacob Stallings,607732,777095,"Stallings, Jacob",L,37,34,2,2,0,0,0,2,18,0.0588235294117647,0.0588235294117647,23.4
Baltimore Orioles,away,Jacob Stallings,607732,777095,"Stallings, Jacob",R,81,71,13,9,4,0,0,7,20,0.1830985915492957,0.2394366197183098,23.4
Texas Rangers,home,Josh Smith,669701,777088,"Smith, Josh",L,77,67,14,12,2,0,0,6,21,0.208955223880597,0.2388059701492537,27.3
Texas Rangers,home,Josh Smith,669701,777088,"Smith, Josh",R,266,231,70,47,14,1,8,29,36,0.303030303030303,0.4761904761904761,27.3
Texas Rangers,home,Corey Seager,608369,777088,"Seager, Corey",L,87,79,18,10,3,0,5,8,23,0.2278481012658227,0.4556962025316455,25.1
Texas Rangers,home,Corey Seager,608369,777088,"Seager, Corey",R,198,164,47,30,9,0,8,30,34,0.2865853658536585,0.4878048780487805,25.1
Texas Rangers,home,Marcus Semien,543760,777088,"Semien, Marcus",L,97,83,20,16,2,0,2,13,21,0.2409638554216867,0.3373493975903614,28.3
Texas Rangers,home,Marcus Semien,543760,777088,"Semien, Marcus",R,309,270,64,44,9,1,10,30,55,0.237037037037037,0.3888888888888889,28.3
Texas Rangers,home,Adolis García,666969,777088,"García, Adolis",L,88,80,17,13,2,0,2,6,26,0.2125,0.3125,27.2
Texas Rangers,home,Adolis García,666969,777088,"García, Adolis",R,289,261,63,35,17,0,11,18,67,0.2413793103448276,0.4329501915708812,27.2
Texas Rangers,home,Evan Carter,694497,777088,"Carter, Evan",L,16,13,2,2,0,0,0,3,3,0.1538461538461538,0.1538461538461538,28.8
Texas Rangers,home,Evan Carter,694497,777088,"Carter, Evan",R,137,118,34,22,7,1,4,14,26,0.288135593220339,0.4661016949152542,28.8
Texas Rangers,home,Wyatt Langford,694671,777088,"Langford, Wyatt",L,94,78,16,10,2,0,4,14,25,0.2051282051282051,0.3846153846153846,28.9
Texas Rangers,home,Wyatt Langford,694671,777088,"Langford, Wyatt",R,240,212,55,35,9,0,11,20,65,0.2594339622641509,0.4575471698113207,28.9
Texas Rangers,home,Rowdy Tellez,642133,777088,"Tellez, Rowdy",L,14,13,1,1,0,0,0,1,6,0.0769230769230769,0.0769230769230769,23.2
Texas Rangers,home,Rowdy Tellez,642133,777088,"Tellez, Rowdy",R,175,163,35,18,6,0,11,9,44,0.2147239263803681,0.4539877300613497,23.2
Texas Rangers,home,Kyle Higashioka,543309,777088,"Higashioka, Kyle",L,58,54,13,9,3,0,1,2,12,0.2407407407407407,0.3518518518518518,25.2
Texas Rangers,home,Kyle Higashioka,543309,777088,"Higashioka, Kyle",R,124,112,29,20,6,0,3,10,20,0.2589285714285714,0.3928571428571428,25.2
Texas Rangers,home,Alejandro Osuna,696030,777088,"Osuna, Alejandro",L,3,1,0,0,0,0,0,1,0,0.0,0.0,28.7
Texas Rangers,home,Alejandro Osuna,696030,777088,"Osuna, Alejandro",R,76,64,11,9,1,0,1,9,17,0.171875,0.234375,28.7
Detroit Tigers,away,Colt Keith,690993,777088,"Keith, Colt",L,40,34,6,5,1,0,0,3,11,0.1764705882352941,0.2058823529411764,28.0
Detroit Tigers,away,Colt Keith,690993,777088,"Keith, Colt",R,256,221,62,37,15,2,8,32,49,0.2805429864253393,0.4751131221719457,28.0
Detroit Tigers,away,Gleyber Torres,650402,777088,"Torres, Gleyber",L,91,73,21,10,8,0,3,16,8,0.2876712328767123,0.5205479452054794,26.2
Detroit Tigers,away,Gleyber Torres,650402,777088,"Torres, Gleyber",R,273,226,63,49,8,0,6,39,40,0.2787610619469026,0.3938053097345133,26.2
Detroit Tigers,away,Wenceel Pérez,672761,777088,"Pérez, Wenceel",L,33,30,10,3,3,1,3,2,7,0.3333333333333333,0.8,27.5
Detroit Tigers,away,Wenceel Pérez,672761,777088,"Pérez, Wenceel",R,112,103,24,15,4,1,4,9,24,0.233009708737864,0.4077669902912621,27.5
Detroit Tigers,away,Riley Greene,682985,777088,"Greene, Riley",L,123,107,24,16,6,0,2,12,40,0.2242990654205607,0.3364485981308411,26.8
Detroit Tigers,away,Riley Greene,682985,777088,"Greene, Riley",R,278,260,80,42,15,1,22,16,87,0.3076923076923077,0.6269230769230769,26.8
Detroit Tigers,away,Spencer Torkelson,679529,777088,"Torkelson, Spencer",L,111,92,25,10,6,0,9,16,21,0.2717391304347826,0.6304347826086957,26.7
Detroit Tigers,away,Spencer Torkelson,679529,777088,"Torkelson, Spencer",R,271,235,53,27,14,0,12,33,70,0.225531914893617,0.4382978723404255,26.7
Detroit Tigers,away,Zach McKinstry,656716,777088,"McKinstry, Zach",L,81,74,25,14,4,6,1,3,20,0.3378378378378378,0.5945945945945946,28.2
Detroit Tigers,away,Zach McKinstry,656716,777088,"McKinstry, Zach",R,253,212,57,38,10,2,7,35,52,0.2688679245283019,0.4339622641509434,28.2
Detroit Tigers,away,Parker Meadows,678009,777088,"Meadows, Parker",L,20,18,4,4,0,0,0,2,4,0.2222222222222222,0.2222222222222222,28.8
Detroit Tigers,away,Parker Meadows,678009,777088,"Meadows, Parker",R,99,91,17,12,2,1,2,8,32,0.1868131868131868,0.2967032967032967,28.8
Detroit Tigers,away,Jake Rogers,668670,777088,"Rogers, Jake",L,20,14,1,1,0,0,0,5,4,0.0714285714285714,0.0714285714285714,26.8
Detroit Tigers,away,Jake Rogers,668670,777088,"Rogers, Jake",R,61,52,10,6,2,1,1,6,17,0.1923076923076923,0.3269230769230769,26.8
Detroit Tigers,away,Trey Sweeney,700242,777088,"Sweeney, Trey",L,47,43,11,10,0,1,0,2,13,0.2558139534883721,0.3023255813953488,28.3
Detroit Tigers,away,Trey Sweeney,700242,777088,"Sweeney, Trey",R,202,177,37,27,5,0,5,20,51,0.2090395480225988,0.3220338983050847,28.3
Cleveland Guardians,home,Angel Martínez,682657,777104,"Martínez, Angel",L,97,86,27,17,6,0,4,6,22,0.313953488372093,0.5232558139534884,27.6
Cleveland Guardians,home,Angel Martínez,682657,777104,"Martínez, Angel",R,192,181,38,23,10,1,4,4,41,0.2099447513812154,0.3425414364640884,27.6
Cleveland Guardians,home,Nolan Jones,666134,777104,"Jones, Nolan",L,49,41,8,7,1,0,0,7,16,0.1951219512195122,0.2195121951219512,27.5
Cleveland Guardians,home,Nolan Jones,666134,777104,"Jones, Nolan",R,217,189,45,31,9,2,3,22,54,0.238095238095238,0.3544973544973545,27.5
Cleveland Guardians,home,José Ramírez,608070,777104,"Ramírez, José",L,117,108,38,25,8,1,4,7,10,0.3518518518518518,0.5555555555555556,28.4
Cleveland Guardians,home,José Ramírez,608070,777104,"Ramírez, José",R,266,236,66,41,10,1,14,22,34,0.2796610169491525,0.5084745762711864,28.4
Cleveland Guardians,home,Kyle Manzardo,700932,777104,"Manzardo, Kyle",L,53,46,9,2,2,1,4,5,13,0.1956521739130435,0.5434782608695652,25.4
Cleveland Guardians,home,Kyle Manzardo,700932,777104,"Manzardo, Kyle",R,247,220,49,28,9,1,11,24,62,0.2227272727272727,0.4227272727272727,25.4
Cleveland Guardians,home,Carlos Santana,467793,777104,"Santana, Carlos",L,113,97,23,17,2,0,4,12,17,0.2371134020618556,0.3814432989690721,25.5
Cleveland Guardians,home,Carlos Santana,467793,777104,"Santana, Carlos",R,254,213,49,37,5,0,7,33,51,0.2300469483568075,0.352112676056338,25.5
Cleveland Guardians,home,Daniel Schneemann,682177,777104,"Schneemann, Daniel",L,39,34,6,5,1,0,0,4,13,0.1764705882352941,0.2058823529411764,28.0
Cleveland Guardians,home,Daniel Schneemann,682177,777104,"Schneemann, Daniel",R,199,176,40,22,9,0,9,19,47,0.2272727272727272,0.4318181818181818,28.0
Cleveland Guardians,home,Johnathan Rodríguez,671286,777104,"Rodríguez, Johnathan",L,42,37,7,4,1,1,1,3,11,0.1891891891891892,0.3513513513513513,26.9
Cleveland Guardians,home,Johnathan Rodríguez,671286,777104,"Rodríguez, Johnathan",R,15,14,1,0,1,0,0,1,5,0.0714285714285714,0.1428571428571428,26.9
Cleveland Guardians,home,Bo Naylor,666310,777104,"Naylor, Bo",L,57,49,9,7,1,0,1,5,8,0.1836734693877551,0.2653061224489796,27.2
Cleveland Guardians,home,Bo Naylor,666310,777104,"Naylor, Bo",R,191,161,27,10,8,1,8,26,58,0.1677018633540372,0.3788819875776397,27.2
Cleveland Guardians,home,Brayan Rocchio,677587,777104,"Rocchio, Brayan",L,54,44,7,4,3,0,0,5,16,0.1590909090909091,0.2272727272727272,26.7
Cleveland Guardians,home,Brayan Rocchio,677587,777104,"Rocchio, Brayan",R,92,84,19,11,7,0,1,6,13,0.2261904761904762,0.3452380952380952,26.7
Athletics,away,Jacob Wilson,805779,777104,"Wilson, Jacob",L,73,65,25,19,4,0,2,5,3,0.3846153846153846,0.5384615384615384,26.9
Athletics,away,Jacob Wilson,805779,777104,"Wilson, Jacob",R,297,270,87,67,13,0,7,18,25,0.3222222222222222,0.4481481481481481,26.9
Athletics,away,Brent Rooker,667670,777104,"Rooker, Brent",L,83,72,22,10,7,0,5,11,14,0.3055555555555556,0.6111111111111112,27.4
Athletics,away,Brent Rooker,667670,777104,"Rooker, Brent",R,345,306,86,52,15,3,16,32,78,0.2810457516339869,0.5065359477124183,27.4
Athletics,away,Nick Kurtz,701762,777104,"Kurtz, Nick",L,60,52,10,6,1,0,3,4,22,0.1923076923076923,0.3846153846153846,27.4
Athletics,away,Nick Kurtz,701762,777104,"Kurtz, Nick",R,178,157,45,21,8,2,14,20,56,0.286624203821656,0.6305732484076433,27.4
Athletics,away,Shea Langeliers,669127,777104,"Langeliers, Shea",L,46,46,17,14,1,0,2,0,8,0.3695652173913043,0.5217391304347826,28.3
Athletics,away,Shea Langeliers,669127,777104,"Langeliers, Shea",R,224,199,41,18,12,0,11,20,44,0.2060301507537688,0.4321608040201005,28.3
Athletics,away,Miguel Andujar,609280,777104,"Andujar, Miguel",L,37,35,14,12,1,0,1,1,9,0.4,0.5142857142857142,27.1
Athletics,away,Miguel Andujar,609280,777104,"Andujar, Miguel",R,159,146,39,29,7,1,2,8,15,0.2671232876712329,0.3698630136986301,27.1
Athletics,away,Max Muncy,691777,777104,"Muncy, Max",L,36,32,7,6,0,0,1,4,12,0.21875,0.3125,28.2
Athletics,away,Max Muncy,691777,777104,"Muncy, Max",R,171,161,35,20,7,0,8,7,52,0.217391304347826,0.4099378881987577,28.2
Athletics,away,Luis Urías,649966,777104,"Urías, Luis",L,48,41,8,7,0,0,1,5,5,0.1951219512195122,0.2682926829268293,25.9
Athletics,away,Luis Urías,649966,777104,"Urías, Luis",R,212,180,46,33,7,0,6,23,31,0.2555555555555555,0.3944444444444444,25.9
Athletics,away,Austin Wynns,642851,777104,"Wynns, Austin",L,28,26,5,3,1,0,1,1,10,0.1923076923076923,0.3461538461538461,24.5
Athletics,away,Austin Wynns,642851,777104,"Wynns, Austin",R,68,62,21,11,5,0,5,4,16,0.3387096774193548,0.6612903225806451,24.5
Athletics,away,Denzel Clarke,672016,777104,"Clarke, Denzel",L,28,25,2,0,1,0,1,2,12,0.08,0.24,29.5
Athletics,away,Denzel Clarke,672016,777104,"Clarke, Denzel",R,124,114,28,20,5,1,2,7,48,0.2456140350877192,0.3596491228070175,29.5
Chicago Cubs,home,Michael Busch,683737,777096,"Busch, Michael",L,58,50,11,7,2,0,2,6,16,0.22,0.38,26.7
Chicago Cubs,home,Michael Busch,683737,777096,"Busch, Michael",R,280,244,76,43,13,3,17,34,60,0.3114754098360656,0.5983606557377049,26.7
Chicago Cubs,home,Kyle Tucker,663656,777096,"Tucker, Kyle",L,134,116,31,20,4,1,6,17,18,0.2672413793103448,0.4741379310344827,26.6
Chicago Cubs,home,Kyle Tucker,663656,777096,"Tucker, Kyle",R,277,233,68,40,14,3,11,38,42,0.2918454935622318,0.51931330472103,26.6
Chicago Cubs,home,Seiya Suzuki,673548,777096,"Suzuki, Seiya",L,115,101,30,15,7,0,8,12,28,0.297029702970297,0.6039603960396039,28.0
Chicago Cubs,home,Seiya Suzuki,673548,777096,"Suzuki, Seiya",R,286,259,69,31,17,3,18,19,77,0.2664092664092664,0.5637065637065637,28.0
Chicago Cubs,home,Pete Crow-Armstrong,691718,777096,"Crow-Armstrong, Pete",L,125,116,22,11,4,1,6,5,38,0.1896551724137931,0.396551724137931,29.6
Chicago Cubs,home,Pete Crow-Armstrong,691718,777096,"Crow-Armstrong, Pete",R,273,250,78,38,18,3,19,16,53,0.312,0.636,29.6
Chicago Cubs,home,Ian Happ,664023,777096,"Happ, Ian",L,121,105,25,18,5,0,2,16,30,0.238095238095238,0.3428571428571428,27.3
Chicago Cubs,home,Ian Happ,664023,777096,"Happ, Ian",R,276,235,53,32,11,0,10,34,59,0.225531914893617,0.4,27.3
Chicago Cubs,home,Dansby Swanson,621020,777096,"Swanson, Dansby",L,94,84,21,14,1,1,5,7,28,0.25,0.4642857142857143,28.3
Chicago Cubs,home,Dansby Swanson,621020,777096,"Swanson, Dansby",R,302,275,70,47,11,1,11,19,75,0.2545454545454545,0.4218181818181818,28.3
Chicago Cubs,home,Nico Hoerner,663538,777096,"Hoerner, Nico",L,90,85,30,19,7,2,2,4,3,0.3529411764705882,0.5529411764705883,28.4
Chicago Cubs,home,Nico Hoerner,663538,777096,"Hoerner, Nico",R,294,261,70,57,11,1,1,22,26,0.2681992337164751,0.3295019157088122,28.4
Chicago Cubs,home,Reese McGuire,624512,777096,"McGuire, Reese",L,13,12,3,1,0,0,2,0,4,0.25,0.75,25.6
Chicago Cubs,home,Reese McGuire,624512,777096,"McGuire, Reese",R,53,50,11,7,1,0,3,2,9,0.22,0.42,25.6
Chicago Cubs,home,Vidal Bruján,660644,777096,"Bruján, Vidal",L,6,6,1,1,0,0,0,0,4,0.1666666666666666,0.1666666666666666,27.0
Chicago Cubs,home,Vidal Bruján,660644,777096,"Bruján, Vidal",R,33,32,6,3,3,0,0,1,7,0.1875,0.28125,27.0
Boston Red Sox,away,Rob Refsnyder,608701,777096,"Refsnyder, Rob",L,87,70,21,11,6,0,4,12,23,0.3,0.5571428571428572,26.4
Boston Red Sox,away,Rob Refsnyder,608701,777096,"Refsnyder, Rob",R,37,34,8,6,1,0,1,3,10,0.2352941176470588,0.3529411764705882,26.4
Boston Red Sox,away,Alex Bregman,608324,777096,"Bregman, Alex",L,59,47,18,14,3,0,1,12,10,0.3829787234042553,0.5106382978723404,26.2
Boston Red Sox,away,Alex Bregman,608324,777096,"Bregman, Alex",R,178,160,44,19,15,0,10,15,33,0.275,0.55625,26.2
Boston Red Sox,away,Romy Gonzalez,663853,777096,"Gonzalez, Romy",L,77,67,28,15,7,2,4,7,17,0.417910447761194,0.7611940298507462,28.2
Boston Red Sox,away,Romy Gonzalez,663853,777096,"Gonzalez, Romy",R,76,70,18,8,8,1,1,2,17,0.2571428571428571,0.4428571428571428,28.2
Boston Red Sox,away,Roman Anthony,701350,777096,"Anthony, Roman",L,40,38,9,8,0,0,1,2,15,0.2368421052631578,0.3157894736842105,27.6
Boston Red Sox,away,Roman Anthony,701350,777096,"Anthony, Roman",R,88,70,20,9,10,0,1,17,13,0.2857142857142857,0.4714285714285714,27.6
Boston Red Sox,away,Trevor Story,596115,777096,"Story, Trevor",L,98,91,25,17,4,0,4,4,27,0.2747252747252747,0.4505494505494505,28.4
Boston Red Sox,away,Trevor Story,596115,777096,"Story, Trevor",R,291,272,68,48,9,0,11,17,80,0.25,0.4044117647058823,28.4
Boston Red Sox,away,Ceddanne Rafaela,678882,777096,"Rafaela, Ceddanne",L,101,92,23,11,5,1,6,7,20,0.25,0.5217391304347826,28.9
Boston Red Sox,away,Ceddanne Rafaela,678882,777096,"Rafaela, Ceddanne",R,246,226,64,39,16,1,8,13,46,0.2831858407079646,0.4690265486725664,28.9
Boston Red Sox,away,Masataka Yoshida,807799,777096,"Yoshida, Masataka",L,2,2,0,0,0,0,0,0,0,0.0,0.0,26.1
Boston Red Sox,away,Masataka Yoshida,807799,777096,"Yoshida, Masataka",R,14,12,4,2,2,0,0,1,1,0.3333333333333333,0.5,26.1
Boston Red Sox,away,Abraham Toro,647351,777096,"Toro, Abraham",L,46,40,11,8,3,0,0,2,8,0.275,0.35,27.7
Boston Red Sox,away,Abraham Toro,647351,777096,"Toro, Abraham",R,151,135,38,25,8,0,5,11,22,0.2814814814814815,0.4518518518518518,27.7
Boston Red Sox,away,Connor Wong,657136,777096,"Wong, Connor",L,18,15,3,3,0,0,0,3,6,0.2,0.2,27.9
Boston Red Sox,away,Connor Wong,657136,777096,"Wong, Connor",R,80,71,10,10,0,0,0,7,18,0.1408450704225352,0.1408450704225352,27.9
Arizona Diamondbacks,home,Corbin Carroll,682998,777081,"Carroll, Corbin",L,109,96,21,13,1,4,3,12,25,0.21875,0.40625,29.6
Arizona Diamondbacks,home,Corbin Carroll,682998,777081,"Carroll, Corbin",R,257,227,58,20,14,6,18,26,70,0.2555066079295154,0.6079295154185022,29.6
Arizona Diamondbacks,home,Geraldo Perdomo,672695,777081,"Perdomo, Geraldo",L,123,100,32,26,4,0,2,15,12,0.32,0.42,27.0
Arizona Diamondbacks,home,Geraldo Perdomo,672695,777081,"Perdomo, Geraldo",R,311,251,63,37,16,2,8,49,39,0.250996015936255,0.4262948207171315,27.0
Arizona Diamondbacks,home,Lourdes Gurriel Jr.,666971,777081,"Gurriel Jr., Lourdes",L,105,99,29,22,4,0,3,6,9,0.2929292929292929,0.4242424242424242,26.9
Arizona Diamondbacks,home,Lourdes Gurriel Jr.,666971,777081,"Gurriel Jr., Lourdes",R,284,255,61,34,16,2,9,19,44,0.2392156862745098,0.4235294117647059,26.9
Arizona Diamondbacks,home,Josh Naylor,647304,777081,"Naylor, Josh",L,114,104,27,20,4,1,2,7,18,0.2596153846153846,0.375,24.5
Arizona Diamondbacks,home,Josh Naylor,647304,777081,"Naylor, Josh",R,256,224,70,46,15,0,9,27,28,0.3125,0.5,24.5
Arizona Diamondbacks,home,Eugenio Suárez,553993,777081,"Suárez, Eugenio",L,99,81,16,3,3,0,10,12,25,0.1975308641975308,0.6049382716049383,26.4
Arizona Diamondbacks,home,Eugenio Suárez,553993,777081,"Suárez, Eugenio",R,296,262,72,36,15,0,21,26,80,0.2748091603053435,0.5725190839694656,26.4
Arizona Diamondbacks,home,Adrian Del Castillo,680728,777081,"Del Castillo, Adrian",R,4,4,3,3,0,0,0,0,0,0.75,0.75,0.0
Arizona Diamondbacks,home,James McCann,543510,777081,"McCann, James",L,8,5,1,1,0,0,0,3,2,0.2,0.2,26.5
Arizona Diamondbacks,home,James McCann,543510,777081,"McCann, James",R,23,19,8,4,2,0,2,4,4,0.4210526315789473,0.8421052631578947,26.5
Arizona Diamondbacks,home,Alek Thomas,677950,777081,"Thomas, Alek",L,44,38,9,7,1,0,1,2,6,0.2368421052631578,0.3421052631578947,28.2
Arizona Diamondbacks,home,Alek Thomas,677950,777081,"Thomas, Alek",R,242,215,55,38,11,2,4,17,68,0.2558139534883721,0.3813953488372093,28.2
Arizona Diamondbacks,home,Blaze Alexander,677942,777081,"Alexander, Blaze",L,16,14,2,1,1,0,0,2,3,0.1428571428571428,0.2142857142857142,28.5
Arizona Diamondbacks,home,Blaze Alexander,677942,777081,"Alexander, Blaze",R,11,11,4,2,2,0,0,0,3,0.3636363636363636,0.5454545454545454,28.5
St. Louis Cardinals,away,Brendan Donovan,680977,777081,"Donovan, Brendan",L,134,119,25,17,6,0,2,13,25,0.2100840336134453,0.3109243697478991,26.6
St. Louis Cardinals,away,Brendan Donovan,680977,777081,"Donovan, Brendan",R,257,228,78,56,16,0,6,25,27,0.3421052631578947,0.4912280701754385,26.6
St. Louis Cardinals,away,Iván Herrera,671056,777081,"Herrera, Iván",L,58,45,16,8,3,0,5,11,8,0.3555555555555555,0.7555555555555555,26.7
St. Louis Cardinals,away,Iván Herrera,671056,777081,"Herrera, Iván",R,122,110,35,27,5,0,3,9,26,0.3181818181818182,0.4454545454545454,26.7
St. Louis Cardinals,away,Alec Burleson,676475,777081,"Burleson, Alec",L,65,61,14,11,1,0,2,3,10,0.2295081967213114,0.3442622950819672,25.1
St. Louis Cardinals,away,Alec Burleson,676475,777081,"Burleson, Alec",R,254,229,72,47,16,0,9,18,32,0.314410480349345,0.5021834061135371,25.1
St. Louis Cardinals,away,Willson Contreras,575929,777081,"Contreras, Willson",L,114,99,27,12,11,0,4,14,28,0.2727272727272727,0.5050505050505051,27.3
St. Louis Cardinals,away,Willson Contreras,575929,777081,"Contreras, Willson",R,273,239,59,39,12,0,8,31,67,0.2468619246861924,0.3974895397489539,27.3
St. Louis Cardinals,away,Nolan Arenado,571448,777081,"Arenado, Nolan",L,100,92,26,20,4,0,2,5,6,0.2826086956521739,0.391304347826087,25.5
St. Louis Cardinals,away,Nolan Arenado,571448,777081,"Arenado, Nolan",R,248,223,52,34,9,1,8,19,28,0.2331838565022421,0.3901345291479821,25.5
St. Louis Cardinals,away,Masyn Winn,691026,777081,"Winn, Masyn",L,129,117,29,22,6,0,1,11,25,0.2478632478632478,0.3247863247863248,28.4
St. Louis Cardinals,away,Masyn Winn,691026,777081,"Winn, Masyn",R,234,211,56,37,13,0,6,19,40,0.2654028436018957,0.4123222748815165,28.4
St. Louis Cardinals,away,Jordan Walker,691023,777081,"Walker, Jordan",L,62,58,12,10,1,0,1,3,23,0.2068965517241379,0.2758620689655172,28.7
St. Louis Cardinals,away,Jordan Walker,691023,777081,"Walker, Jordan",R,133,118,25,19,3,1,2,11,40,0.211864406779661,0.3050847457627119,28.7
St. Louis Cardinals,away,Pedro Pagés,686780,777081,"Pagés, Pedro",L,79,71,14,9,4,0,1,6,24,0.1971830985915492,0.2957746478873239,25.5
St. Louis Cardinals,away,Pedro Pagés,686780,777081,"Pagés, Pedro",R,171,156,35,24,6,0,5,9,40,0.2243589743589743,0.358974358974359,25.5
St. Louis Cardinals,away,Victor Scott II,687363,777081,"Scott II, Victor",L,97,81,16,13,3,0,0,10,30,0.1975308641975308,0.2345679012345679,30.1
St. Louis Cardinals,away,Victor Scott II,687363,777081,"Scott II, Victor",R,230,201,51,38,7,1,5,25,58,0.2537313432835821,0.373134328358209,30.1
Atlanta Braves,home,Jurickson Profar,595777,777097,"Profar, Jurickson",L,16,16,8,4,2,0,2,0,2,0.5,1.0,25.5
Atlanta Braves,home,Jurickson Profar,595777,777097,"Profar, Jurickson",R,53,50,10,7,2,0,1,2,13,0.2,0.3,25.5
Atlanta Braves,home,Matt Olson,621566,777097,"Olson, Matt",L,109,99,28,17,7,0,4,8,34,0.2828282828282828,0.4747474747474747,25.2
Atlanta Braves,home,Matt Olson,621566,777097,"Olson, Matt",R,313,262,67,37,17,0,13,49,65,0.2557251908396946,0.4694656488549618,25.2
Atlanta Braves,home,Ronald Acuña Jr.,660670,777097,"Acuña Jr., Ronald",L,46,36,9,5,3,0,1,10,16,0.25,0.4166666666666667,28.0
Atlanta Braves,home,Ronald Acuña Jr.,660670,777097,"Acuña Jr., Ronald",R,149,127,45,28,5,1,11,21,35,0.3543307086614173,0.6692913385826772,28.0
Atlanta Braves,home,Drake Baldwin,686948,777097,"Baldwin, Drake",L,45,39,12,9,0,0,3,6,8,0.3076923076923077,0.5384615384615384,25.9
Atlanta Braves,home,Drake Baldwin,686948,777097,"Baldwin, Drake",R,170,154,43,30,5,0,8,15,26,0.2792207792207792,0.4675324675324675,25.9
Atlanta Braves,home,Sean Murphy,669221,777097,"Murphy, Sean",L,74,64,14,3,4,0,7,9,27,0.21875,0.609375,24.5
Atlanta Braves,home,Sean Murphy,669221,777097,"Murphy, Sean",R,154,137,33,19,5,0,9,15,46,0.2408759124087591,0.4744525547445255,24.5
Atlanta Braves,home,Ozzie Albies,645277,777097,"Albies, Ozzie",L,114,108,24,19,5,0,0,4,15,0.2222222222222222,0.2685185185185185,27.2
Atlanta Braves,home,Ozzie Albies,645277,777097,"Albies, Ozzie",R,294,256,57,41,7,1,8,33,47,0.22265625,0.3515625,27.2
Atlanta Braves,home,Nacho Alvarez Jr.,805373,777097,"Alvarez Jr., Nacho",L,1,1,0,0,0,0,0,0,0,0.0,0.0,26.0
Atlanta Braves,home,Nacho Alvarez Jr.,805373,777097,"Alvarez Jr., Nacho",R,11,10,2,2,0,0,0,1,2,0.2,0.2,26.0
Atlanta Braves,home,Michael Harris II,671739,777097,"Harris II, Michael",L,104,92,19,10,5,3,1,6,23,0.2065217391304347,0.358695652173913,28.4
Atlanta Braves,home,Michael Harris II,671739,777097,"Harris II, Michael",R,268,256,55,42,8,0,5,5,55,0.21484375,0.3046875,28.4
Atlanta Braves,home,Nick Allen,669397,777097,"Allen, Nick",L,78,65,12,10,2,0,0,9,14,0.1846153846153846,0.2153846153846154,27.3
Atlanta Braves,home,Nick Allen,669397,777097,"Allen, Nick",R,209,185,47,41,6,0,0,18,49,0.254054054054054,0.2864864864864865,27.3
New York Yankees,away,Paul Goldschmidt,502671,777097,"Goldschmidt, Paul",L,102,91,37,20,12,0,5,10,12,0.4065934065934066,0.7032967032967034,26.4
New York Yankees,away,Paul Goldschmidt,502671,777097,"Goldschmidt, Paul",R,260,240,59,45,10,1,3,15,49,0.2458333333333333,0.3333333333333333,26.4
New York Yankees,away,Cody Bellinger,641355,777097,"Bellinger, Cody",L,105,94,35,21,6,2,6,7,9,0.3723404255319149,0.6702127659574468,28.3
New York Yankees,away,Cody Bellinger,641355,777097,"Bellinger, Cody",R,274,246,62,39,12,1,10,22,45,0.2520325203252032,0.4308943089430894,28.3
New York Yankees,away,Aaron Judge,592450,777097,"Judge, Aaron",L,84,75,25,8,6,0,11,8,24,0.3333333333333333,0.8533333333333334,26.8
New York Yankees,away,Aaron Judge,592450,777097,"Judge, Aaron",R,325,278,101,57,18,2,24,41,86,0.3633093525179856,0.7014388489208633,26.8
New York Yankees,away,Giancarlo Stanton,519317,777097,"Stanton, Giancarlo",L,18,17,4,2,1,0,1,1,5,0.2352941176470588,0.4705882352941176,23.9
New York Yankees,away,Giancarlo Stanton,519317,777097,"Stanton, Giancarlo",R,61,52,14,9,2,0,3,8,20,0.2692307692307692,0.4807692307692308,23.9
New York Yankees,away,Jazz Chisholm Jr.,665862,777097,"Chisholm Jr., Jazz",L,79,65,15,12,2,0,1,10,22,0.2307692307692307,0.3076923076923077,27.5
New York Yankees,away,Jazz Chisholm Jr.,665862,777097,"Chisholm Jr., Jazz",R,195,166,43,19,8,0,16,25,52,0.2590361445783132,0.5963855421686747,27.5
New York Yankees,away,Trent Grisham,663757,777097,"Grisham, Trent",L,94,76,14,10,1,0,3,14,26,0.1842105263157894,0.3157894736842105,27.0
New York Yankees,away,Trent Grisham,663757,777097,"Grisham, Trent",R,221,185,54,34,6,1,13,30,44,0.2918918918918919,0.5459459459459459,27.0
New York Yankees,away,Anthony Volpe,683011,777097,"Volpe, Anthony",L,114,100,28,17,8,0,3,11,24,0.28,0.45,28.4
New York Yankees,away,Anthony Volpe,683011,777097,"Volpe, Anthony",R,275,239,45,21,14,3,7,27,69,0.1882845188284518,0.3598326359832636,28.4
New York Yankees,away,Austin Wells,669224,777097,"Wells, Austin",L,98,89,23,12,5,1,5,7,22,0.2584269662921348,0.5056179775280899,26.6
New York Yankees,away,Austin Wells,669224,777097,"Wells, Austin",R,196,169,36,17,10,0,9,17,48,0.2130177514792899,0.4319526627218935,26.6
New York Yankees,away,Oswald Peraza,672724,777097,"Peraza, Oswald",L,60,56,7,4,3,0,0,4,22,0.125,0.1785714285714285,29.1
New York Yankees,away,Oswald Peraza,672724,777097,"Peraza, Oswald",R,100,90,15,10,2,0,3,8,23,0.1666666666666666,0.2888888888888888,29.1
Colorado Rockies,home,Tyler Freeman,671289,777080,"Freeman, Tyler",L,53,48,11,7,4,0,0,4,7,0.2291666666666666,0.3125,28.3
Colorado Rockies,home,Tyler Freeman,671289,777080,"Freeman, Tyler",R,139,116,43,32,9,1,1,20,10,0.3706896551724138,0.4913793103448275,28.3
Colorado Rockies,home,Mickey Moniak,666160,777080,"Moniak, Mickey",L,36,32,7,5,1,0,1,4,11,0.21875,0.34375,28.6
Colorado Rockies,home,Mickey Moniak,666160,777080,"Moniak, Mickey",R,216,201,54,26,10,6,12,13,50,0.2686567164179104,0.5572139303482587,28.6
Colorado Rockies,home,Hunter Goodman,696100,777080,"Goodman, Hunter",L,88,80,20,9,6,0,5,7,21,0.25,0.5125,27.5
Colorado Rockies,home,Hunter Goodman,696100,777080,"Goodman, Hunter",R,257,238,69,41,12,4,12,16,71,0.2899159663865546,0.5252100840336135,27.5
Colorado Rockies,home,Jordan Beck,687597,777080,"Beck, Jordan",L,87,82,27,15,7,1,4,5,25,0.3292682926829268,0.5853658536585366,28.7
Colorado Rockies,home,Jordan Beck,687597,777080,"Beck, Jordan",R,255,229,58,36,11,4,7,20,69,0.2532751091703056,0.4279475982532751,28.7
Colorado Rockies,home,Ryan McMahon,641857,777080,"McMahon, Ryan",L,94,84,18,13,3,0,2,10,30,0.2142857142857142,0.3214285714285714,26.6
Colorado Rockies,home,Ryan McMahon,641857,777080,"McMahon, Ryan",R,286,246,53,30,10,1,12,36,91,0.2154471544715447,0.4105691056910569,26.6
Colorado Rockies,home,Ezequiel Tovar,678662,777080,"Tovar, Ezequiel",L,35,32,8,6,1,0,1,3,10,0.25,0.375,27.5
Colorado Rockies,home,Ezequiel Tovar,678662,777080,"Tovar, Ezequiel",R,107,99,26,17,5,2,2,5,21,0.2626262626262626,0.4141414141414141,27.5
Colorado Rockies,home,Michael Toglia,669911,777080,"Toglia, Michael",L,88,81,19,9,7,1,2,4,25,0.2345679012345679,0.419753086419753,27.0
Colorado Rockies,home,Michael Toglia,669911,777080,"Toglia, Michael",R,220,196,38,22,8,0,8,22,92,0.1938775510204081,0.3571428571428571,27.0
Colorado Rockies,home,Brenton Doyle,686668,777080,"Doyle, Brenton",L,87,76,26,18,4,1,3,9,17,0.3421052631578947,0.5394736842105263,29.4
Colorado Rockies,home,Brenton Doyle,686668,777080,"Doyle, Brenton",R,245,228,36,23,8,1,4,13,70,0.1578947368421052,0.2543859649122807,29.4
Colorado Rockies,home,Ryan Ritter,690022,777080,"Ritter, Ryan",L,26,24,9,7,2,0,0,1,6,0.375,0.4583333333333333,28.9
Colorado Rockies,home,Ryan Ritter,690022,777080,"Ritter, Ryan",R,84,72,14,10,1,2,1,7,29,0.1944444444444444,0.3055555555555556,28.9
Minnesota Twins,away,Byron Buxton,621439,777080,"Buxton, Byron",L,66,59,20,9,4,1,6,6,15,0.3389830508474576,0.7457627118644068,30.2
Minnesota Twins,away,Byron Buxton,621439,777080,"Buxton, Byron",R,270,240,69,40,10,3,16,23,73,0.2875,0.5541666666666667,30.2
Minnesota Twins,away,Willi Castro,650489,777080,"Castro, Willi",L,85,78,23,13,5,1,4,7,17,0.2948717948717949,0.5384615384615384,28.1
Minnesota Twins,away,Willi Castro,650489,777080,"Castro, Willi",R,209,180,45,30,9,0,6,28,55,0.25,0.4,28.1
Minnesota Twins,away,Trevor Larnach,663616,777080,"Larnach, Trevor",L,70,63,11,7,3,0,1,4,18,0.1746031746031746,0.2698412698412698,26.1
Minnesota Twins,away,Trevor Larnach,663616,777080,"Larnach, Trevor",R,297,262,71,46,12,1,12,28,64,0.2709923664122137,0.4618320610687023,26.1
Minnesota Twins,away,Ryan Jeffers,680777,777080,"Jeffers, Ryan",L,91,70,18,12,5,0,1,21,16,0.2571428571428571,0.3714285714285714,25.9
Minnesota Twins,away,Ryan Jeffers,680777,777080,"Jeffers, Ryan",R,201,186,48,29,13,0,6,14,35,0.2580645161290322,0.4247311827956989,25.9
Minnesota Twins,away,Kody Clemens,665019,777080,"Clemens, Kody",L,22,15,3,3,0,0,0,4,4,0.2,0.2,27.4
Minnesota Twins,away,Kody Clemens,665019,777080,"Clemens, Kody",R,148,133,29,11,5,1,12,14,38,0.2180451127819548,0.5413533834586466,27.4
Minnesota Twins,away,Carlos Correa,621043,777080,"Correa, Carlos",L,77,69,20,12,4,0,4,8,14,0.2898550724637681,0.5217391304347826,26.4
Minnesota Twins,away,Carlos Correa,621043,777080,"Correa, Carlos",R,250,233,60,44,13,0,3,12,48,0.2575107296137339,0.351931330472103,26.4
Minnesota Twins,away,Brooks Lee,686797,777080,"Lee, Brooks",L,96,94,25,21,3,0,1,2,25,0.2659574468085106,0.3297872340425531,25.8
Minnesota Twins,away,Brooks Lee,686797,777080,"Lee, Brooks",R,206,186,47,33,7,0,7,12,32,0.2526881720430107,0.4032258064516129,25.8
Minnesota Twins,away,Matt Wallner,670242,777080,"Wallner, Matt",L,37,31,8,2,3,0,3,4,10,0.2580645161290322,0.6451612903225806,27.1
Minnesota Twins,away,Matt Wallner,670242,777080,"Wallner, Matt",R,165,142,28,13,6,2,7,20,51,0.1971830985915492,0.4154929577464789,27.1
Minnesota Twins,away,Harrison Bader,664056,777080,"Bader, Harrison",L,79,72,17,11,2,0,4,7,28,0.2361111111111111,0.4305555555555556,28.5
Minnesota Twins,away,Harrison Bader,664056,777080,"Bader, Harrison",R,193,163,43,28,8,0,7,22,39,0.263803680981595,0.4417177914110429,28.5
Los Angeles Dodgers,home,Shohei Ohtani,660271,777085,"Ohtani, Shohei",L,140,127,39,23,6,4,6,12,38,0.3070866141732283,0.5590551181102362,28.0
Los Angeles Dodgers,home,Shohei Ohtani,660271,777085,"Ohtani, Shohei",R,282,237,60,27,5,3,25,41,71,0.2531645569620253,0.6160337552742616,28.0
Los Angeles Dodgers,home,Will Smith,669257,777085,"Smith, Will",L,74,63,20,12,4,0,4,11,15,0.3174603174603174,0.5714285714285714,27.1
Los Angeles Dodgers,home,Will Smith,669257,777085,"Smith, Will",R,222,182,59,39,11,1,8,32,40,0.3241758241758242,0.5274725274725275,27.1
Los Angeles Dodgers,home,Freddie Freeman,518692,777085,"Freeman, Freddie",L,92,82,19,11,5,0,3,7,25,0.2317073170731707,0.4024390243902439,25.3
Los Angeles Dodgers,home,Freddie Freeman,518692,777085,"Freeman, Freddie",R,262,232,76,47,21,1,7,25,56,0.3275862068965517,0.5172413793103449,25.3
Los Angeles Dodgers,home,Teoscar Hernández,606192,777085,"Hernández, Teoscar",L,61,59,21,11,5,0,5,2,9,0.3559322033898305,0.6949152542372882,28.0
Los Angeles Dodgers,home,Teoscar Hernández,606192,777085,"Hernández, Teoscar",R,243,225,53,31,13,0,9,12,64,0.2355555555555555,0.4133333333333333,28.0
Los Angeles Dodgers,home,Andy Pages,681624,777085,"Pages, Andy",L,96,92,28,22,3,0,3,3,20,0.3043478260869565,0.4347826086956521,28.3
Los Angeles Dodgers,home,Andy Pages,681624,777085,"Pages, Andy",R,277,253,71,45,11,1,14,17,55,0.2806324110671936,0.4980237154150198,28.3
Los Angeles Dodgers,home,Michael Conforto,624424,777085,"Conforto, Michael",L,55,45,8,5,3,0,0,10,13,0.1777777777777777,0.2444444444444444,26.1
Los Angeles Dodgers,home,Michael Conforto,624424,777085,"Conforto, Michael",R,245,210,38,22,8,0,8,32,58,0.1809523809523809,0.3333333333333333,26.1
Los Angeles Dodgers,home,Tommy Edman,669242,777085,"Edman, Tommy",L,87,80,17,8,5,0,4,4,16,0.2125,0.425,28.5
Los Angeles Dodgers,home,Tommy Edman,669242,777085,"Edman, Tommy",R,197,168,40,26,8,1,5,18,31,0.238095238095238,0.3869047619047619,28.5
Los Angeles Dodgers,home,Hyeseong Kim,808975,777085,"Kim, Hyeseong",L,11,11,5,3,1,0,1,0,2,0.4545454545454545,0.8181818181818182,28.7
Los Angeles Dodgers,home,Hyeseong Kim,808975,777085,"Kim, Hyeseong",R,110,101,34,27,5,1,1,7,28,0.3366336633663366,0.4356435643564356,28.7
Los Angeles Dodgers,home,Miguel Rojas,500743,777085,"Rojas, Miguel",L,71,64,17,10,3,0,4,7,8,0.265625,0.5,25.9
Los Angeles Dodgers,home,Miguel Rojas,500743,777085,"Rojas, Miguel",R,61,60,15,11,3,0,1,0,8,0.25,0.35,25.9
Milwaukee Brewers,away,Brice Turang,668930,777085,"Turang, Brice",L,116,103,29,25,3,0,1,7,28,0.2815533980582524,0.3398058252427184,28.9
Milwaukee Brewers,away,Brice Turang,668930,777085,"Turang, Brice",R,280,242,67,51,11,0,5,32,56,0.2768595041322314,0.384297520661157,28.9
Milwaukee Brewers,away,William Contreras,661388,777085,"Contreras, William",L,108,86,19,16,3,0,0,19,22,0.2209302325581395,0.2558139534883721,26.0
Milwaukee Brewers,away,William Contreras,661388,777085,"Contreras, William",R,283,243,63,44,13,0,6,33,49,0.2592592592592592,0.3868312757201646,26.0
Milwaukee Brewers,away,Jackson Chourio,694192,777085,"Chourio, Jackson",L,114,108,40,24,10,1,5,5,24,0.3703703703703703,0.6203703703703703,29.2
Milwaukee Brewers,away,Jackson Chourio,694192,777085,"Chourio, Jackson",R,314,291,67,39,15,2,11,15,64,0.2302405498281786,0.40893470790378,29.2
Milwaukee Brewers,away,Christian Yelich,592885,777085,"Yelich, Christian",L,128,112,25,19,4,0,2,13,38,0.2232142857142857,0.3125,28.1
Milwaukee Brewers,away,Christian Yelich,592885,777085,"Yelich, Christian",R,261,230,65,41,7,0,17,26,63,0.2826086956521739,0.5347826086956522,28.1
Milwaukee Brewers,away,Andrew Vaughn,683734,777085,"Vaughn, Andrew",L,56,51,10,5,4,0,1,3,11,0.196078431372549,0.3333333333333333,25.8
Milwaukee Brewers,away,Andrew Vaughn,683734,777085,"Vaughn, Andrew",R,157,149,31,19,6,0,6,7,35,0.2080536912751678,0.3691275167785235,25.8
Milwaukee Brewers,away,Isaac Collins,686555,777085,"Collins, Isaac",L,82,70,17,9,4,0,4,9,17,0.2428571428571428,0.4714285714285714,27.7
Milwaukee Brewers,away,Isaac Collins,686555,777085,"Collins, Isaac",R,151,122,34,28,4,1,1,24,38,0.2786885245901639,0.3524590163934426,27.7
Milwaukee Brewers,away,Caleb Durbin,702332,777085,"Durbin, Caleb",L,63,57,20,15,3,0,2,6,4,0.3508771929824561,0.5087719298245614,28.4
Milwaukee Brewers,away,Caleb Durbin,702332,777085,"Durbin, Caleb",R,214,177,43,30,10,0,3,27,21,0.2429378531073446,0.3502824858757062,28.4
Milwaukee Brewers,away,Blake Perkins,663368,777085,"Perkins, Blake",R,1,1,1,1,0,0,0,0,0,1.0,1.0,0.0
Milwaukee Brewers,away,Joey Ortiz,687401,777085,"Ortiz, Joey",L,96,89,21,14,5,0,2,5,17,0.2359550561797752,0.3595505617977528,28.7
Milwaukee Brewers,away,Joey Ortiz,687401,777085,"Ortiz, Joey",R,228,203,41,33,4,0,4,18,35,0.2019704433497537,0.2807881773399014,28.7
Seattle Mariners,home,J.P. Crawford,641487,777086,"Crawford, J.P.",L,117,94,20,15,3,0,2,20,17,0.2127659574468085,0.3085106382978723,26.6
Seattle Mariners,home,J.P. Crawford,641487,777086,"Crawford, J.P.",R,295,251,81,65,11,0,5,36,53,0.3227091633466135,0.4262948207171315,26.6
Seattle Mariners,home,Julio Rodríguez,677594,777086,"Rodríguez, Julio",L,107,98,24,13,5,0,6,7,25,0.2448979591836734,0.4795918367346938,29.2
Seattle Mariners,home,Julio Rodríguez,677594,777086,"Rodríguez, Julio",R,327,291,75,52,12,3,8,30,70,0.2577319587628865,0.4020618556701031,29.2
Seattle Mariners,home,Cal Raleigh,663728,777086,"Raleigh, Cal",L,113,102,34,13,5,0,16,8,34,0.3333333333333333,0.8529411764705882,26.0
Seattle Mariners,home,Cal Raleigh,663728,777086,"Raleigh, Cal",R,296,244,57,24,11,0,22,47,72,0.2336065573770492,0.5491803278688525,26.0
Seattle Mariners,home,Randy Arozarena,668227,777086,"Arozarena, Randy",L,108,98,29,17,7,1,4,7,26,0.2959183673469387,0.5102040816326531,27.7
Seattle Mariners,home,Randy Arozarena,668227,777086,"Arozarena, Randy",R,309,250,60,32,14,0,14,51,87,0.24,0.464,27.7
Seattle Mariners,home,Jorge Polanco,593871,777086,"Polanco, Jorge",L,41,40,11,7,3,0,1,1,7,0.275,0.425,26.0
Seattle Mariners,home,Jorge Polanco,593871,777086,"Polanco, Jorge",R,252,224,57,33,10,0,14,22,34,0.2544642857142857,0.4866071428571428,26.0
Seattle Mariners,home,Luke Raley,670042,777086,"Raley, Luke",L,22,19,1,1,0,0,0,3,4,0.0526315789473684,0.0526315789473684,28.7
Seattle Mariners,home,Luke Raley,670042,777086,"Raley, Luke",R,134,108,28,18,6,0,4,21,34,0.2592592592592592,0.4259259259259259,28.7
Seattle Mariners,home,Dominic Canzone,686527,777086,"Canzone, Dominic",L,12,12,4,4,0,0,0,0,2,0.3333333333333333,0.3333333333333333,26.8
Seattle Mariners,home,Dominic Canzone,686527,777086,"Canzone, Dominic",R,85,82,26,15,5,0,6,3,15,0.3170731707317073,0.5975609756097561,26.8
Seattle Mariners,home,Ben Williamson,810938,777086,"Williamson, Ben",L,79,71,20,16,4,0,0,6,17,0.2816901408450704,0.3380281690140845,28.0
Seattle Mariners,home,Ben Williamson,810938,777086,"Williamson, Ben",R,180,170,43,34,8,0,1,6,44,0.2529411764705882,0.3176470588235294,28.0
Seattle Mariners,home,Cole Young,702284,777086,"Young, Cole",L,31,28,6,4,2,0,0,2,9,0.2142857142857142,0.2857142857142857,27.7
Seattle Mariners,home,Cole Young,702284,777086,"Young, Cole",R,100,90,25,20,3,0,2,7,20,0.2777777777777778,0.3777777777777777,27.7
Houston Astros,away,Isaac Paredes,670623,777086,"Paredes, Isaac",L,68,57,12,8,1,0,3,11,9,0.2105263157894736,0.3859649122807017,25.7
Houston Astros,away,Isaac Paredes,670623,777086,"Paredes, Isaac",R,340,289,78,47,14,1,16,45,57,0.2698961937716263,0.4913494809688581,25.7
Houston Astros,away,Jose Altuve,514888,777086,"Altuve, Jose",L,61,54,12,8,1,0,3,5,15,0.2222222222222222,0.4074074074074074,27.1
Houston Astros,away,Jose Altuve,514888,777086,"Altuve, Jose",R,336,299,87,59,13,1,14,26,49,0.2909698996655518,0.4816053511705686,27.1
Houston Astros,away,Victor Caratini,605170,777086,"Caratini, Victor",L,29,27,8,2,3,0,3,2,9,0.2962962962962963,0.7407407407407407,24.2
Houston Astros,away,Victor Caratini,605170,777086,"Caratini, Victor",R,212,191,48,35,6,0,7,15,32,0.2513089005235602,0.3926701570680628,24.2
Houston Astros,away,Cam Smith,701358,777086,"Smith, Cam",L,69,58,19,10,5,0,4,9,18,0.3275862068965517,0.6206896551724138,29.2
Houston Astros,away,Cam Smith,701358,777086,"Smith, Cam",R,260,233,62,46,11,2,3,22,71,0.2660944206008583,0.3690987124463519,29.2
Houston Astros,away,Christian Walker,572233,777086,"Walker, Christian",L,67,61,11,8,2,0,1,4,16,0.180327868852459,0.2622950819672131,26.2
Houston Astros,away,Christian Walker,572233,777086,"Walker, Christian",R,314,285,68,46,10,1,11,25,89,0.2385964912280701,0.3964912280701754,26.2
Houston Astros,away,Yainer Diaz,673237,777086,"Diaz, Yainer",L,60,56,17,12,0,0,5,2,12,0.3035714285714285,0.5714285714285714,27.1
Houston Astros,away,Yainer Diaz,673237,777086,"Diaz, Yainer",R,283,265,62,42,11,1,8,13,49,0.2339622641509434,0.3735849056603773,27.1
Houston Astros,away,Chas McCormick,676801,777086,"McCormick, Chas",L,11,8,3,1,2,0,0,2,1,0.375,0.625,26.2
Houston Astros,away,Chas McCormick,676801,777086,"McCormick, Chas",R,42,35,8,8,0,0,0,4,13,0.2285714285714285,0.2285714285714285,26.2
Houston Astros,away,Mauricio Dubón,643289,777086,"Dubón, Mauricio",L,47,44,12,6,5,0,1,2,6,0.2727272727272727,0.4545454545454545,27.9
Houston Astros,away,Mauricio Dubón,643289,777086,"Dubón, Mauricio",R,170,158,40,26,9,0,5,9,14,0.2531645569620253,0.4050632911392405,27.9
Houston Astros,away,Brice Matthews,694728,777086,"Matthews, Brice",L,1,1,0,0,0,0,0,0,0,0.0,0.0,0.0
Houston Astros,away,Brice Matthews,694728,777086,"Matthews, Brice",R,9,8,1,1,0,0,0,1,5,0.125,0.125,0.0
